window,track,title,platform,author,identity_confidence,evidence_urls,channel_raw,coarse_genre,official_blurb,reader_synopsis,trope_tags,one_liner,name_conflict,not_found,corpus_folder_ptr,ledger_kind,origin,authority,source_report,ingested_at
w01,ST-001,1979从湘西大山走出来的文豪,起点中文网,叁更兽,高,证据：起点书页、QQ阅读页。,,页面频道原文“都市小说”“都市生活”｜我归纳：改革开放早期的年代文豪成长文。,,【旧窗缺字段】w01 为标签汤模具，读者可读梗概未采；逛库时勿当正式简介。,年代文｜标题与简介都把时间点钉在 1979 年｜高；文豪流｜题名直指“走出来的文豪”，且简介强调以笔改写现实｜高；乡土书写｜标题和简介都把“湘西大山”当核心出身背景｜高；记忆金手指｜简介出现“那份记忆正在苏醒”｜中。,从湘西山里起笔，把个人命运和时代文运绑在一起写。,未见明显同名冲突。,,,survey_not_ledger,deep_research,non_authoritative,w01_trial50.md,2026-07-19T09:35:51+08:00
w01,ST-001,1984：从破产川菜馆开始,起点中文网,名窑,高,证据：起点书页、QQ阅读页。,,页面频道原文“都市小说”“都市生活”｜我归纳：八十年代美食经营创业文。,,【旧窗缺字段】w01 为标签汤模具，读者可读梗概未采；逛库时勿当正式简介。,重生｜书名与简介都明确写“重生 1984”｜高；美食经营｜开局就是接盘“破产川菜馆”｜高；年代种田｜官方检索页出现“年代文、美食、日常、种田”｜高；慢节奏日常｜官方标签里有“日常”｜高。,拿一家快倒的川菜馆，把 1984 的烟火气重新做热。,未见明显同名冲突。,,,survey_not_ledger,deep_research,non_authoritative,w01_trial50.md,2026-07-19T09:35:51+08:00
w01,ST-001,1985：开局大雪封门,起点中文网,别惹大鹅,高,证据：起点书页、起点在线阅读聚合页。,,页面频道原文“都市小说”“都市生活”｜我归纳：东北寒冬开局的小人物年代文。,,【旧窗缺字段】w01 为标签汤模具，读者可读梗概未采；逛库时勿当正式简介。,年代文｜题名直接锚定 1985｜高；无系统｜官方简介直接写“无系统”｜高；慢节奏｜官方简介直接写“慢节奏”｜高；小人物翻身｜官方简介直接写“小人物翻身”｜高；乡土日常｜“大雪封门”的生活场景感很强，且官方强调接地气｜高。,大雪一封门，先把年景写冷，再把日子一点点熬热。,未见明显同名冲突。,,,survey_not_ledger,deep_research,non_authoritative,w01_trial50.md,2026-07-19T09:35:51+08:00
w01,ST-001,1997：罪案追凶,起点中文网,姜煮茶,高,证据：起点书页、QQ阅读版权页。,,页面频道原文“都市小说”“都市生活”｜我归纳：重返 1997 年追旧案的重生刑侦文。,,【旧窗缺字段】w01 为标签汤模具，读者可读梗概未采；逛库时勿当正式简介。,重生｜简介明确写“重生回到 1997 年”｜高；刑侦破案｜书名就是“罪案追凶”｜高；年代悬疑｜文案反复强调“97 年夏天、暴雨、碎尸案”｜高；旧案翻案｜主角面对的是二十多年前的旧案现场｜高。,带着后见之明回到暴雨碎尸案发生前，抢时间抓真凶。,未见明显同名冲突。,,,survey_not_ledger,deep_research,non_authoritative,w01_trial50.md,2026-07-19T09:35:51+08:00
w01,ST-001,50年代：从一枚储物戒开始,起点中文网,菲力亲王,高,证据：起点书页、QQ阅读页。,,页面频道原文“都市小说”“都市生活”｜我归纳：五十年代背景的空间求生文。,,【旧窗缺字段】w01 为标签汤模具，读者可读梗概未采；逛库时勿当正式简介。,穿越｜简介直接写“穿越 50 年代”｜高；空间流｜题名与简介都指向“储物戒”“一立方米空间”｜高；年代求生｜主角一落地就先解决生存与资源问题｜高；开荒囤物｜储物戒设定天然服务于物资积累和早期发展｜中。,空间不大，但在物资紧的年代，刚好能撬动命运。,未见明显同名冲突。,,,survey_not_ledger,deep_research,non_authoritative,w01_trial50.md,2026-07-19T09:35:51+08:00
w01,ST-001,LOL：重生S3，调教全联盟,起点中文网,青石离,高,证据：起点书页、QQ阅读页。,,页面频道原文“游戏小说”“电子竞技”｜我归纳：回到 S3 的 LOL 电竞文。,,【旧窗缺字段】w01 为标签汤模具，读者可读梗概未采；逛库时勿当正式简介。,重生｜题名直接写“重生 S3”｜高；LOL 电竞｜频道就是电子竞技，题名直接挂 LOL｜高；远古赛季流｜S3 本身就是老联盟怀旧节点｜高；联盟调教流｜标题直接写“调教全联盟”｜高。,把玩家最怀念的 S3，写成一场从版本到选手都能重做的联盟实验。,未见明显同名冲突。,,,survey_not_ledger,deep_research,non_authoritative,w01_trial50.md,2026-07-19T09:35:51+08:00
w01,ST-001,NBA百世书：开局穿越大魔王,QQ阅读,园中有竹,中,证据：QQ阅读页、QQ阅读目录页。 当前能核验到的是腾讯系官方阅读页，未单独搜到更清晰的首发书页。,,页面频道原文“体育”“篮球运动”｜我归纳：带多周目设定的 NBA 篮球文。,,【旧窗缺字段】w01 为标签汤模具，读者可读梗概未采；逛库时勿当正式简介。,穿越｜标题直接写“开局穿越”｜高；篮球竞技｜频道就是篮球运动｜高；多周目｜文案出现“百世书”“开启第二世”｜高；碰瓷搞笑流｜官方简介里直接写“奥尼尔被我碰瓷”｜高。,不只打球，还把“投胎重开”这套机制拿来刷 NBA 生涯。,未见明显同名冲突。,,,survey_not_ledger,deep_research,non_authoritative,w01_trial50.md,2026-07-19T09:35:51+08:00
w01,ST-001,NBA：到来，见证，征服,起点中文网,一万受,高,证据：起点书页、QQ阅读页。,,页面频道原文“体育小说”“篮球运动”｜我归纳：从 NCAA 起步、一路冲向王朝的篮球文。,,【旧窗缺字段】w01 为标签汤模具，读者可读梗概未采；逛库时勿当正式简介。,重生｜文案写“重生 2003”｜高；篮球竞技｜频道明确是篮球运动｜高；NCAA 起步｜官方简介点名“从佛州大学 NCAA 起步”｜高；王朝流｜文案写“最终缔造一个王朝”｜高。,先在大学篮球打出底子，再一路把王朝梦砸进 NBA。,未见明显同名冲突。,,,survey_not_ledger,deep_research,non_authoritative,w01_trial50.md,2026-07-19T09:35:51+08:00
w01,ST-001,Z世代艺术家,起点中文网,起酥面包,高,证据：起点书页、QQ阅读页。,,页面频道原文“都市小说”“娱乐明星”｜我归纳：重生 1998、站在文艺圈里开炮的华娱文。,,【旧窗缺字段】w01 为标签汤模具，读者可读梗概未采；逛库时勿当正式简介。,重生｜官方简介直接写“重生到 1998 年”｜高；华娱文艺圈｜频道是娱乐明星，主角定位为艺术家｜高；时代批判｜文案写“对这个时代没有滤镜”“揭竿而起”｜高；文艺青年流｜题名与文案都明显偏艺术表达而非纯流量爽点｜高。,不是回去迎合时代，而是回去跟整个文艺圈狠狠干架。,未见明显同名冲突。,,,survey_not_ledger,deep_research,non_authoritative,w01_trial50.md,2026-07-19T09:35:51+08:00
w01,ST-001,一世之尊,起点中文网,爱潜水的乌贼,高,证据：起点书页。,,页面频道原文“玄幻小说”｜我归纳：大世界观、强主线、一路证道的长篇玄幻。,,【旧窗缺字段】w01 为标签汤模具，读者可读梗概未采；逛库时勿当正式简介。,升级证道流｜官方文案强调“与天争命”“横压当世”｜高；大世界神话向｜书评普遍强调“世界观宏大、设定吸引人”｜中；主线硬推进｜文案口气就是一路向上、不问前尘来世的强目标型叙事｜中。,靠极强主线和大设定，把“我命由我争出来”写到极限。,未见明显同名冲突。,,,survey_not_ledger,deep_research,non_authoritative,w01_trial50.md,2026-07-19T09:35:51+08:00
w01,ST-001,一人之下：吾名秽元真君！,起点中文网,老登我鬼火好看吧,高,证据：起点书页、章节推荐页。,,页面频道原文“轻小说”“衍生同人”｜我归纳：依附《一人之下》IP 的国漫同人修道文。,,【旧窗缺字段】w01 为标签汤模具，读者可读梗概未采；逛库时勿当正式简介。,衍生同人｜频道明写“衍生同人”，标题直接挂《一人之下》｜高；IP 依附《一人之下》｜题名已给出依附 IP｜高；胎穿或早期开挂｜官方文案写“于娘胎之中得炁”｜高；道法异人流｜文案里直接出现“全真大道”“法天象地”｜高。,把《一人之下》的异人体系，往更凶更玄的真君路线猛推。,未见明显同名冲突。,,,survey_not_ledger,deep_research,non_authoritative,w01_trial50.md,2026-07-19T09:35:51+08:00
w01,ST-001,一剑擎天,番茄小说,谁人君识不,中,证据：番茄作品页。 目前只核到番茄对应书页，书名本身又偏通用，所以保守给中。,,页面频道原文“奇幻仙侠”“玄幻”“空间”“剑道”“架空”｜我归纳：剑道主驱动的架空仙侠。,,【旧窗缺字段】w01 为标签汤模具，读者可读梗概未采；逛库时勿当正式简介。,剑修｜官方标签直接有“剑道”｜高；空间流｜官方标签直接有“空间”｜高；架空仙侠｜官方标签直接有“架空”“奇幻仙侠”｜高；热血升级｜简介是“若世间没仙，我便成仙”这种直冲天花板路线｜中。,设定不兜圈子，主打就是一把剑往上捅到天。,书名很通用，检索中出现大量“章节名/宣传语式一剑擎天”，当前锁定到的官方候选只有番茄这一部，仍建议人工再认一次。,,,survey_not_ledger,deep_research,non_authoritative,w01_trial50.md,2026-07-19T09:35:51+08:00
w01,ST-001,一卦断生死，全网跪求我开播,没找到。检索过“书名+起点/QQ阅读/番茄/page/作者”；目前只在番茄相关帖子页和多个聚合页看到“尔东不凡”这组线索，未找到可直接核验的原发书页。,,,没找到。检索过“书名+起点/QQ阅读/番茄/page/作者”；目前只在番茄相关帖子页和多个聚合页看到“尔东不凡”这组线索，未找到可直接核验的原发书页。,,可见简介线索集中在“玄学主播、直播连麦打假、警方挖出白骨”｜我归纳：直播玄学+灵异断案爽文。,,【旧窗缺字段】w01 为标签汤模具，读者可读梗概未采；逛库时勿当正式简介。,直播算命｜多处线索都写主角是玄学主播开播算命｜中；连麦打假｜线索页都提到女明星连麦打假｜中；灵异断案｜剧情线索直连“白骨案”“警方通报”｜中；系统流｜番茄帖子提到“后面有系统是真天师”｜低。,从十几个人的直播间起步，一卦下去直接把热搜和案子一起炸开。,原发页缺失，且当前主证据不够硬，**需人工认亲**。,Y,,survey_not_ledger,deep_research,non_authoritative,w01_trial50.md,2026-07-19T09:35:51+08:00
w01,ST-001,一品嫡女,QQ阅读,白苏,中,证据：QQ阅读书页、起点问答页。 能确认官方电子阅读页和作者名，但首发历史站点没有完全坐实。,,页面频道原文“古代言情”｜我归纳：标准重生嫡女复仇文。,,【旧窗缺字段】w01 为标签汤模具，读者可读梗概未采；逛库时勿当正式简介。,重生｜章节名直接出现“嗜血重生”｜高；宅斗复仇｜简介写庶妹、渣男、冷宫、人彘等典型宅斗复仇桥段｜高；嫡女流｜题名直接写“嫡女”｜高。,把古言爽点里最狠的一档家门血仇，开局就拉满。,未见更强的另一官方候选，但因首发站点未完全锁定，保留人工复核空间。,,,survey_not_ledger,deep_research,non_authoritative,w01_trial50.md,2026-07-19T09:35:51+08:00
w01,ST-001,一念永恒,起点中文网,耳根,中,证据：起点官方推荐页、阅文作者访谈。 当前能明确核到起点官方页与作者、题材，但未直接抓到常规书页，因此给中。,,页面频道原文“幻想修仙”｜我归纳：偏轻松、长生执念很强的修仙文。,,【旧窗缺字段】w01 为标签汤模具，读者可读梗概未采；逛库时勿当正式简介。,古典修仙｜官方检索页直接给出“古典修仙”｜高；长生流｜官方检索页直接写“长生”｜高；轻松流｜官方检索页直接写“轻松”｜高。,耳根把求长生这件事，写得又燃又贱又很好追。,未见明显同名冲突。,,,survey_not_ledger,deep_research,non_authoritative,w01_trial50.md,2026-07-19T09:35:51+08:00
w01,ST-001,万世之名,起点中文网,古羲,高,证据：起点书页、QQ阅读页。,,页面频道原文“玄幻小说”｜我归纳：乱世背景下的成长成名玄幻。,,【旧窗缺字段】w01 为标签汤模具，读者可读梗概未采；逛库时勿当正式简介。,求名流｜官方简介直接写“乱世求生，盛世求名”｜高；乱世成长流｜文案把大禹朝的历史震荡当底色｜高；长线升级｜玄幻频道+大长篇体量，很明显是持续成长线｜中。,不是求活而已，而是要在乱世里把自己的名字刻下来。,未见明显同名冲突。,,,survey_not_ledger,deep_research,non_authoritative,w01_trial50.md,2026-07-19T09:35:51+08:00
w01,ST-001,万古神帝,起点中文网,飞天鱼,高,证据：起点书页、起点移动版权页。,,页面频道原文“玄幻小说”“东方玄幻”｜我归纳：神帝重修、直冲复仇的东方玄幻大长篇。,,【旧窗缺字段】w01 为标签汤模具，读者可读梗概未采；逛库时勿当正式简介。,重生重修｜文案名句是“待我重修十三年”｜高；复仇流｜目标直指池瑶女皇｜高；东方玄幻｜页面频道直接写明｜高。,一句“待我重修十三年”，把复仇爽文最硬的火药味打满。,未见明显同名冲突。,,,survey_not_ledger,deep_research,non_authoritative,w01_trial50.md,2026-07-19T09:35:51+08:00
w01,ST-001,万族之劫,起点中文网,老鹰吃小鸡,高,证据：起点书页、作者页。,,页面频道原文“都市小说”；起点活动页写“万族争锋，人族崛起”｜我归纳：高武底色的万族争霸文。,,【旧窗缺字段】w01 为标签汤模具，读者可读梗概未采；逛库时勿当正式简介。,万族争霸流｜活动页直接写“万族争锋”｜高；人族崛起｜活动页直接写“人族崛起”｜高；学院或学府流｜目录早期就有“四大学府体系”｜中；高武流｜虽然页面归在都市，但系统词和设定都明显是高武升级赛道｜中。,把“人族翻盘”写成超长线的大型拔河，读感特别顶。,未见明显同名冲突。,,,survey_not_ledger,deep_research,non_authoritative,w01_trial50.md,2026-07-19T09:35:51+08:00
w01,ST-001,万灵仙族,起点中文网,青靖石1,中,证据：作者页当前作品关联《万灵仙族》、QQ阅读页明确写“本书又名《万灵仙族》”。,,页面频道原文“仙侠”“修真文明”｜我归纳：家族修仙+御兽发育的长篇凡人流。,,【旧窗缺字段】w01 为标签汤模具，读者可读梗概未采；逛库时勿当正式简介。,家族修仙｜官方标签直接写“家族修仙”｜高；凡人流｜官方标签直接写“凡人流”｜高；御兽｜官方标签直接写“御兽”｜高；种田发育｜官方标签里有“慢节奏种田发育”｜高；家族金手指｜官方标签直接写“家族金手指”｜高。,不是一个人冲天，而是一整个仙族边种田边御兽慢慢垒高。,当前最强候选其实是正式长标题《御兽仙族：我御万灵证长生》，《万灵仙族》更像别名或简称，**需人工认亲**。,,,survey_not_ledger,deep_research,non_authoritative,w01_trial50.md,2026-07-19T09:35:51+08:00
w01,ST-001,万生痴魔,起点中文网,沙拉古斯,高,证据：起点书页、目录页。,,页面频道原文“玄幻小说”“东方玄幻”｜我归纳：带民俗手艺和行当体系的东方玄幻。,,【旧窗缺字段】w01 为标签汤模具，读者可读梗概未采；逛库时勿当正式简介。,行当修行流｜文案写“万生有行三百六”｜高；手艺流｜文案直接写“种出一身好手艺”｜高；东方民俗流｜作者访谈明确提到把东方民俗、各行各业和修行体系结合起来｜高；群像倾向｜“群雄割据、五大帅四大魔王”等书评反馈说明不是纯单线小副本｜中。,最有味道的点，不是升级数值，而是把“手艺”直接写成修行大道。,未见明显同名冲突。,,,survey_not_ledger,deep_research,non_authoritative,w01_trial50.md,2026-07-19T09:35:51+08:00
w01,ST-001,万界天尊,起点中文网,血红,高,证据：起点书页、起点移动版权页。,,页面频道原文“玄幻小说”“东方玄幻”｜我归纳：大体量、多世界格局的传统玄幻。,,【旧窗缺字段】w01 为标签汤模具，读者可读梗概未采；逛库时勿当正式简介。,万界流｜题名直接写“万界”｜高；东方玄幻｜频道直给｜高；长线升级流｜三百多万字体量、传统玄幻叙事很明显｜中。,血红擅长的就是把大世界、大人物和大冲突一口气压满。,未见明显同名冲突。,,,survey_not_ledger,deep_research,non_authoritative,w01_trial50.md,2026-07-19T09:35:51+08:00
w01,ST-001,万相之王,起点中文网,天蚕土豆,高,证据：起点书页、起点搜索页。,,页面频道原文“玄幻小说”｜我归纳：围绕“相”体系展开的王道成长玄幻。,,【旧窗缺字段】w01 为标签汤模具，读者可读梗概未采；逛库时勿当正式简介。,相力体系流｜官方文案核心句就是“天地间，有万相”｜高；王道成长流｜文案直接写“终将成为这万相之王”｜高；长篇升级流｜天蚕土豆标准大长线玄幻写法｜中。,把“相”的设定做成一整套王道升级语法，很适合一路追。,未见明显同名冲突。,,,survey_not_ledger,deep_research,non_authoritative,w01_trial50.md,2026-07-19T09:35:51+08:00
w01,ST-001,三国第一毒士，必须是我法正啊,起点中文网,雪豹导弹,高,证据：起点书页、起点目录聚合页。,,页面频道原文“历史小说”“秦汉三国”｜我归纳：法正主角视角的三国谋略文。,,【旧窗缺字段】w01 为标签汤模具，读者可读梗概未采；逛库时勿当正式简介。,三国文｜频道直给秦汉三国｜高；法正主角流｜标题直接点名“必须是我法正啊”｜高；毒士流｜标题直接把“毒士”抬成核心标签｜高；智斗谋略流｜早期章节名有《答隆中对》、人口策论等｜高。,把法正这种高存在感配角，硬拉成台前最毒最狠的主角。,未见明显同名冲突。,,,survey_not_ledger,deep_research,non_authoritative,w01_trial50.md,2026-07-19T09:35:51+08:00
w01,ST-001,三寸人间,起点中文网,耳根,高,证据：起点书页、起点搜书页。,,页面频道原文“仙侠小说”｜我归纳：带科幻感和星辰尺度的仙侠成长文。,,【旧窗缺字段】w01 为标签汤模具，读者可读梗概未采；逛库时勿当正式简介。,科幻仙侠｜文案里同时有“举头三尺无神明”和“大宇宙感”的混搭气质｜中；成长流｜官方文案是少年一路往上走的大主线｜高；耳根式长线升级｜作品定位就是耳根第五部长篇｜高。,把修仙往星空里抬，但骨子里还是很典型的少年成长爽线。,未见明显同名冲突。,,,survey_not_ledger,deep_research,non_authoritative,w01_trial50.md,2026-07-19T09:35:51+08:00
w01,ST-001,上玉阙,起点中文网,长安九千里,高,证据：起点书页、起点精编页。,,页面频道原文“仙侠小说”｜我归纳：偏凡人修仙气质、带点腹黑味的仙侠文。,,【旧窗缺字段】w01 为标签汤模具，读者可读梗概未采；逛库时勿当正式简介。,凡人修仙｜起点有声页直接写“凡人修仙”｜高；腹黑仙侠｜起点有声页直接写“腹黑仙侠”｜高；长线修仙成长｜体量与题材都很标准｜中。,不是一口气飞天那种仙侠，更像一步步磨上去的修行局。,未见明显同名冲突。,,,survey_not_ledger,deep_research,non_authoritative,w01_trial50.md,2026-07-19T09:35:51+08:00
w01,ST-001,下一站书店,起点中文网,蠢蠢小可乐,高,证据：起点书页、QQ来源页。,,页面频道原文“短篇小说”“短篇小说”｜我归纳：二手书店主题的治愈短篇。,,【旧窗缺字段】w01 为标签汤模具，读者可读梗概未采；逛库时勿当正式简介。,书店经营｜文案核心场景就是“二手小书店”｜高；治愈日常｜文案写“字里行间，都是美好”｜高；短篇群像倾向｜百章短篇体量很像围绕书店展开的人情故事串联｜中。,把书店写成情绪中转站，这种题一旦写顺就很容易让人心软。,未见明显同名冲突。,,,survey_not_ledger,deep_research,non_authoritative,w01_trial50.md,2026-07-19T09:35:51+08:00
w01,ST-001,不是吧君子也防,起点中文网,阳小戎,高,证据：起点书页、起点在线阅读聚合页。,,页面频道原文“仙侠小说”“幻想修仙”｜我归纳：带朝堂关系戏的轻喜感仙侠。,,【旧窗缺字段】w01 为标签汤模具，读者可读梗概未采；逛库时勿当正式简介。,幻想修仙｜页面频道直给｜高；公主关系线｜官方简介从“大乾公主初遇君子”写起｜高；皇嗣之争｜官方简介直接写“皇嗣之争”｜高；伪君子反差流｜公主口中的“伪君子”就是典型反差切口｜高。,外面是君子皮，里面全是局，这种关系反差很抓人。,未见明显同名冲突。,,,survey_not_ledger,deep_research,non_authoritative,w01_trial50.md,2026-07-19T09:35:51+08:00
w01,ST-001,不朽凡人,起点中文网,鹅是老五,高,证据：起点书页。,,页面频道原文“仙侠小说”｜我归纳：无灵根起步的经典凡人流修仙文。,,【旧窗缺字段】w01 为标签汤模具，读者可读梗概未采；逛库时勿当正式简介。,凡人流｜官方文案直说“只有凡根，一介凡人”｜高；逆袭修仙｜文案从“凡根注定只是凡人”反打不朽之路｜高；长生向｜“不朽”本身就是目标导向｜高。,修仙最爽的点之一，就是从“根本不配修”一路打到“不朽”。,未见明显同名冲突。,,,survey_not_ledger,deep_research,non_authoritative,w01_trial50.md,2026-07-19T09:35:51+08:00
w01,ST-001,不科学御兽,起点中文网,轻泉流响,高,证据：起点书页、QQ来源页。,,页面频道原文“玄幻小说”“异世大陆”｜我归纳：穿越+御兽+考古神话探索文。,,【旧窗缺字段】w01 为标签汤模具，读者可读梗概未采；逛库时勿当正式简介。,穿越｜官方简介写“神话学者兼考古学家时宇穿越而来”｜高；御兽｜文案与频道都把御兽当核心｜高；考古流｜主角前身身份就是神话学者、考古学家｜高；神话探索｜文案写“探寻空白的历史与失落的神话”｜高。,御兽只是表层，好看的地方其实是拿考古脑子去拆神话谜团。,未见明显同名冲突。,,,survey_not_ledger,deep_research,non_authoritative,w01_trial50.md,2026-07-19T09:35:51+08:00
w01,ST-001,不许没收我的人籍,起点中文网,可怜的夕夕,高,证据：起点书页、起点目录页。,,页面频道原文“轻小说”“原生幻想”｜我归纳：异世界政治喜剧味很重的原生幻想。,,【旧窗缺字段】w01 为标签汤模具，读者可读梗概未采；逛库时勿当正式简介。,原生幻想｜频道直给｜高；人魔关系线｜文案核心是“人类主教”和“魔族末裔公主”的过往｜高；反向养成或战犯流｜男主嘴上说绝无复国可能，结果数年后魔族复国成功，这就是很典型的反向扶持梗｜中；轻喜剧反差｜整段文案本身就是一本正经地搞笑｜高。,越想证明自己没问题，越像整场大事件的头号战犯。,未见明显同名冲突。,,,survey_not_ledger,deep_research,non_authoritative,w01_trial50.md,2026-07-19T09:35:51+08:00
w01,ST-001,世子很凶,起点中文网,关关公子,高,证据：起点书页、作者页。,,页面频道原文“历史小说”｜我归纳：庙堂与江湖并行的架空历史文。,,【旧窗缺字段】w01 为标签汤模具，读者可读梗概未采；逛库时勿当正式简介。,世子文｜标题就是“世子”｜高；质子入京流｜文案写“召各路藩王世子入京求学，实为质子”｜高；庙堂江湖双线｜文案明确同时写庙堂、江湖、市井｜高；藏拙反差流｜主角本该“藏拙自污”，结果一路被吹成大才｜高。,一个本想低调的世子，被局势逼着一路把牌翻给全天下看。,未见明显同名冲突。,,,survey_not_ledger,deep_research,non_authoritative,w01_trial50.md,2026-07-19T09:35:51+08:00
w01,ST-001,世子稳重点,起点中文网,贼眉鼠眼,高,证据：起点书页、在线阅读页。,,页面频道原文“历史小说”｜我归纳：北宋背景的稳健朝堂历史文。,,【旧窗缺字段】w01 为标签汤模具，读者可读梗概未采；逛库时勿当正式简介。,北宋历史文｜官方简介直接写“北宋绍圣元年”｜高；世子文｜主角是楚王世子赵孝骞｜高；稳健流｜标题直接写“稳重点”｜高；朝堂党争｜文案点明新旧两党斗到脑浆子都打出来｜高。,题目虽劝稳，但人一进北宋朝局，想稳本身就是戏。,未见明显同名冲突。,,,survey_not_ledger,deep_research,non_authoritative,w01_trial50.md,2026-07-19T09:35:51+08:00
w01,ST-001,东京1991，从银行职员开始,起点中文网,今日手缚苍龙,高,证据：起点书页、QQ阅读页。,,页面频道原文“轻小说”“原生幻想”；QQ页归在“女现言”检索，但正文仍显示作品本体｜我归纳：重生平成初年东京的银行职场文。,,【旧窗缺字段】w01 为标签汤模具，读者可读梗概未采；逛库时勿当正式简介。,重生东京｜官方简介直接写“重生东京平行时空后”｜高；年代日轻｜题名锁定 1991 年东京｜高；银行职场流｜标题与文案都强调银行员身份｜高；平行时空｜官方文案明确写“平行时空”｜高。,把日本泡沫余波下的银行系统，写成重开人生的第一张桌子。,未见明显同名冲突。,,,survey_not_ledger,deep_research,non_authoritative,w01_trial50.md,2026-07-19T09:35:51+08:00
w01,ST-001,东京医途,起点中文网,睡醒了会饿,高,证据：起点书页、QQ阅读页。,,页面频道原文“轻小说”“原生幻想”；QQ页显示“轻小说原生幻想”｜我归纳：东京背景的重生医疗文。,,【旧窗缺字段】w01 为标签汤模具，读者可读梗概未采；逛库时勿当正式简介。,重生东京｜简介直接写“重生平行时空的东京后”｜高；医疗职业文｜题名就是“医途”，且奖励里有外科技能、医学论文｜高；世界线奖励流｜文案写“看到女孩们的世界线，只要抉择行动就能获得对应奖励”｜高；修罗场倾向｜官方简介最后一句直接写“做好时间管理”｜高。,一边做医生，一边踩世界线做选择，职业线和关系线都很满。,未见明显同名冲突。,,,survey_not_ledger,deep_research,non_authoritative,w01_trial50.md,2026-07-19T09:35:51+08:00
w01,ST-001,东京推理文豪,起点中文网,御绫御影,高,证据：起点书页、QQ阅读页。,,页面频道原文“轻小说”｜我归纳：穿到昭和末东京写推理、争文坛位置的文豪文。,,【旧窗缺字段】w01 为标签汤模具，读者可读梗概未采；逛库时勿当正式简介。,穿越东京｜官方简介写“穿越至 1980 年的东京”｜高；推理文抄流｜标题直接写“推理文豪”，且主角身份就是推理作家｜高；文豪流｜标题直给｜高。,不是去东京破案，而是去东京抢推理文学的山头。,未见明显同名冲突。,,,survey_not_ledger,deep_research,non_authoritative,w01_trial50.md,2026-07-19T09:35:51+08:00
w01,ST-001,东京：从租借男友开始当完美男神,起点中文网,圭寸笔,高,证据：起点书页、QQ阅读页。,,页面频道原文“轻小说”｜我归纳：东京恋爱日常路线的男神养成文。,,【旧窗缺字段】w01 为标签汤模具，读者可读梗概未采；逛库时勿当正式简介。,租借男友｜题名与第一章名都直接写“租借男友”｜高；恋爱日常｜官方检索页归为“恋爱日常”｜高；男神养成｜标题直接写“当完美男神”｜高；多角关系｜目录里直接出现“多角关系”｜高；技能成长｜目录里有“LV2 级乔装”“街头格斗术”等成长痕迹｜中。,从一场租借交易开局，把“人设运营”做成恋爱修罗场。,未见明显同名冲突。,,,survey_not_ledger,deep_research,non_authoritative,w01_trial50.md,2026-07-19T09:35:51+08:00
w01,ST-001,东京：崇华的我竟成了日娱之王,起点中文网,96捞鱼费舍尔,高,证据：起点书页、QQ阅读页。,,页面频道原文“轻小说”｜我归纳：东京背景的日娱圈闯荡文。,,【旧窗缺字段】w01 为标签汤模具，读者可读梗概未采；逛库时勿当正式简介。,穿越东京｜官方简介直接写“穿越东京”｜高；日娱文｜标题直接写“日娱之王”｜高；平成末背景｜官方简介点明“平成末年”｜高；偶像业界流｜目录里全是杰尼斯、长野博、Vaundy 等业界元素｜高；闯中策略流｜官方简介直接写“闯中小计划”｜高。,一边吐槽日娱，一边往里冲，整活感和行业感都够强。,未见明显同名冲突。,,,survey_not_ledger,deep_research,non_authoritative,w01_trial50.md,2026-07-19T09:35:51+08:00
w01,ST-001,东皇紫籍,起点中文网,一炁化三清,高,证据：起点书页、起点搜书页。,,页面频道原文“仙侠小说”｜我归纳：洞天福地、仙阶神道味都很重的传统仙侠。,,【旧窗缺字段】w01 为标签汤模具，读者可读梗概未采；逛库时勿当正式简介。,神道仙侠｜“东皇”“紫籍”“至尊至上之神”这些关键词都偏神道仙阶语汇｜中；洞天福地流｜官方文案直接写“群仙居于洞天福地仙岛”｜高；长线修仙成长｜标准起点仙侠长篇写法｜中。,仙气不是冷的，是那种带上古神谱味的厚重仙气。,未见明显同名冲突。,,,survey_not_ledger,deep_research,non_authoritative,w01_trial50.md,2026-07-19T09:35:51+08:00
w01,ST-001,两界仙族从种田炼丹开始,起点中文网,成盟,高,证据：起点书页、QQ阅读页。,,页面频道原文“仙侠小说”｜我归纳：两界穿梭框架下的家族修仙经营文。,,【旧窗缺字段】w01 为标签汤模具，读者可读梗概未采；逛库时勿当正式简介。,两界流｜标题直接写“两界”｜高；家族修仙｜标题直接写“仙族”｜高；种田流｜标题与官方简介都把“主种田”拎得很前｜高；炼丹流｜标题直接写“炼丹”｜高。,不是单人闯关，而是带着家族在两头世界里一起滚资源。,未见明显同名冲突。,,,survey_not_ledger,deep_research,non_authoritative,w01_trial50.md,2026-07-19T09:35:51+08:00
w01,ST-001,两界：别叫我邪魔！,起点中文网,玉锦剑,高,证据：起点书页、QQ阅读页。,,页面频道原文“仙侠小说”｜我归纳：用现代社会资源给魔修体系降本增效的两界修仙文。,,【旧窗缺字段】w01 为标签汤模具，读者可读梗概未采；逛库时勿当正式简介。,两界流｜官方简介直接写“穿梭蓝星和修仙世界”｜高；魔修流｜文案核心就是“修魔”｜高；资源转化流｜养殖场、鬼屋、恐怖片、黑市输血站都被拿来服务修行｜高；反套路邪魔流｜标题就先替主角喊冤“别叫我邪魔”｜高。,最妙的点是把现实产业链，硬生生改造成魔修工业体系。,未见明显同名冲突。,,,survey_not_ledger,deep_research,non_authoritative,w01_trial50.md,2026-07-19T09:35:51+08:00
w01,ST-001,临圣,起点中文网,卖报小郎君,高,证据：起点书页、小说阅读网版权页。,,页面频道原文“仙侠小说”｜我归纳：仙侠外壳下的朝堂权谋文。,,【旧窗缺字段】w01 为标签汤模具，读者可读梗概未采；逛库时勿当正式简介。,朝堂权谋｜官方文案直接有“金銮殿”“谋逆”“谁在执棋”｜高；布局流｜官方检索页特色标签直给“布局流”｜高；穿越｜官方检索页特色标签直给“穿越”｜高。,卖报小郎君这本更像“宫廷棋局文”，仙侠味反倒是调味。,书名较短，但当前检索首选就是这一部官方页，未见更强候选。,,,survey_not_ledger,deep_research,non_authoritative,w01_trial50.md,2026-07-19T09:35:51+08:00
w01,ST-001,临渊行,起点中文网,宅猪,高,证据：起点书页。,,页面频道原文“玄幻小说”｜我归纳：从怪镇起步、志怪感很强的玄幻成长文。,,【旧窗缺字段】w01 为标签汤模具，读者可读梗概未采；逛库时勿当正式简介。,志怪流｜官方简介核心就是“只有自己是人”这种怪异开场｜高；成长升级流｜宅猪长篇玄幻的标准主线形态｜高；悬疑开局｜主角一开始就被世界真相反噬｜高。,开篇那一下“原来镇上只有我一个人”，钩子真的很狠。,未见明显同名冲突。,,,survey_not_ledger,deep_research,non_authoritative,w01_trial50.md,2026-07-19T09:35:51+08:00
w01,ST-001,主人说抽到的词条不能浪费,起点中文网,爱吃面的吟游诗人,高,证据：起点书页、QQ阅读页。,,页面频道原文“奇幻小说”“剑与魔法”｜我归纳：西幻异世界的词条系统文。,,【旧窗缺字段】w01 为标签汤模具，读者可读梗概未采；逛库时勿当正式简介。,词条流｜标题直接写“抽到的词条”｜高；系统流｜官方文案明确写“获得一个能抽取词条的系统”｜高；西幻异世界｜频道是“剑与魔法”｜高。,把“抽词条”这件事当主玩法，爽点会非常直接。,未见明显同名冲突。,,,survey_not_ledger,deep_research,non_authoritative,w01_trial50.md,2026-07-19T09:35:51+08:00
w01,ST-001,主神大道,起点中文网,古月居士,高,证据：起点书页、作者页。,,页面频道原文“诸天无限”｜我归纳：很标准也很典型的主神无限流。,,【旧窗缺字段】w01 为标签汤模具，读者可读梗概未采；逛库时勿当正式简介。,主神流｜标题直给｜高；无限流｜频道原文就是“诸天无限”｜高；诸天流｜频道和书名都支持这个判断｜高。,这是那种一看书名就知道赛道，而且赛道味特别正的老派无限文。,未见明显同名冲突。,,,survey_not_ledger,deep_research,non_authoritative,w01_trial50.md,2026-07-19T09:35:51+08:00
w01,ST-001,乌龙山修行笔记,起点中文网,八宝饭,高,证据：起点书页、QQ阅读页。,,页面频道原文“仙侠小说”｜我归纳：散修视角、重日常过程感的凡人修仙文。,,【旧窗缺字段】w01 为标签汤模具，读者可读梗概未采；逛库时勿当正式简介。,散修日常流｜官方简介直接写“散修的日常修行流水账”｜高；凡人流｜不是天命主角口气，而是普通修士视角慢慢熬｜高；修行笔记体｜题名就是“笔记”｜高。,不抢神书位，但特别耐看，像把修仙生活一页页翻给你看。,未见明显同名冲突。,,,survey_not_ledger,deep_research,non_authoritative,w01_trial50.md,2026-07-19T09:35:51+08:00
w01,ST-001,乘鸾,起点中文网,云芨,高,证据：起点书页、作者页。,,页面频道原文“古代言情”“穿越奇情”｜我归纳：重生回档后改国运、带命师玄门味的古言权谋文。,,【旧窗缺字段】w01 为标签汤模具，读者可读梗概未采；逛库时勿当正式简介。,重生｜官方简介明确写“回到了七十年前”｜高；权谋流｜重生目标不是小宅斗，而是改国运大局｜高；玄门命师｜公开书介直接写“天下玄士之首，方为命师”｜中。,既有古言情感线，也有那种“回去把天命掰正”的大手笔。,检索中未见另一官方候选，但公开书介提到过相关近名作品，问题不大。,,,survey_not_ledger,deep_research,non_authoritative,w01_trial50.md,2026-07-19T09:35:51+08:00
w01,ST-001,乘龙仙婿,起点中文网,流浪的蛤蟆,高,证据：起点书页、起点聚合页。,,页面频道原文“仙侠小说”“古典仙侠”｜我归纳：神话志怪底子的古典仙侠文。,,【旧窗缺字段】w01 为标签汤模具，读者可读梗概未采；逛库时勿当正式简介。,古典仙侠｜频道直给｜高；神话志怪流｜官方文案有“天帝有碑”“大圣倒翻天宫”这些明显神话语汇｜高；天碑金手指｜琅嬛天碑就是核心设定钩子｜高。,流浪的蛤蟆写这种仙气里带疯味的神话设定，一向很有辨识度。,未见明显同名冲突。,,,survey_not_ledger,deep_research,non_authoritative,w01_trial50.md,2026-07-19T09:35:51+08:00
w01,ST-001,九叔之我是七叔公,没找到。检索过“书名+起点/番茄/QQ阅读”；起点只搜到搜书页或问答提及，没找到能直接核验的正文原发页；多家聚合页都指向作者“五穷”。,,,没找到。检索过“书名+起点/番茄/QQ阅读”；起点只搜到搜书页或问答提及，没找到能直接核验的正文原发页；多家聚合页都指向作者“五穷”。,,聚合页分类多写“武侠仙侠/修真仙侠”，且剧情线索集中在九叔、僵尸、风水、任威勇｜我归纳：依附《九叔》IP 的民国灵异修道同人。,,【旧窗缺字段】w01 为标签汤模具，读者可读梗概未采；逛库时勿当正式简介。,衍生同人｜标题直接依附“九叔”IP｜高；IP 依附《九叔》系列僵尸道长体系｜高；民国灵异｜可见线索都围绕僵尸、风水先生、任威勇｜中；老年主角｜聚合页和问答线索出现“78 岁”“老头子”｜中；无女主｜起点问答线索给出“无女主”｜低。,不是去当九叔徒弟，而是直接把辈分和邪门劲一起拉高。,原发页缺失，**需人工认亲**。,Y,,survey_not_ledger,deep_research,non_authoritative,w01_trial50.md,2026-07-19T09:35:51+08:00
w01,ST-001,九星毒奶,起点中文网,育,高,证据：起点书页、作者页。,,页面频道原文“科幻小说”“进化变异”｜我归纳：平行世界高武底色的奶妈成长文。,,【旧窗缺字段】w01 为标签汤模具，读者可读梗概未采；逛库时勿当正式简介。,魂穿平行世界｜起点问答明确说主角江晓“魂穿到充满星力的平行世界”｜中；奶妈流｜问答明确写他是“稀有的医疗系”｜中；内视星图或面板流｜官方目录与问答都反复出现“内视星图”｜高；搞笑流｜有声书文案直接打“年度最轻松搞笑”｜中。,把辅助位当主角位写，还写出了特别强的记忆点。,未见明显同名冲突。,,,survey_not_ledger,deep_research,non_authoritative,w01_trial50.md,2026-07-19T09:35:51+08:00
w01,ST-001,九阳神王,起点中文网,寂小贼,高,证据：起点书页、红薯中文网书页。,,页面频道原文“玄幻小说”“东方玄幻”｜我归纳：皇子开局、九阳传承加炼器路线的传统玄幻。,,【旧窗缺字段】w01 为标签汤模具，读者可读梗概未采；逛库时勿当正式简介。,皇子逆袭｜官方简介直接写“落魄皇子秦云”｜高；传承流｜官方简介直接写“得九阳传承”｜高；炼器流｜官方简介明确说“习得绝世炼器之术”｜高；后宫倾向｜官方简介里直接写各色神女圣女都愿意委身｜高。,老派东方玄幻爽点很全，传承、炼器、美女、打脸一个不缺。,未见明显同名冲突。,,,survey_not_ledger,deep_research,non_authoritative,w01_trial50.md,2026-07-19T09:35:51+08:00
w02,ST-001,九鼎记,起点中文网,我吃西红柿,高,证据见书页与作者页。,武侠。,上古九州背景下的武道升级与天下争锋。,摘录“自禹皇五斧劈山，统一天下……”,故事放在“九州”这个像神话又像武林的大地上。开局不是小情小爱，而是一个强者林立、宗派林立、天下纷争的大局。主角滕青山一路从个人修炼、门派厮杀，走到更高层面的武道争锋。他要做的不是混口饭，而是在一个“强者决定秩序”的世界里，把自己的武道推到极限，并改写天下格局。,武侠升级｜页面直标武侠，且简介核心是武道强者与九州争锋｜高｜依据类型＝书页；上古九州｜简介直接写禹皇、九州、九鼎背景｜高｜依据类型＝简介；争霸｜简介是“天下纷争不断”的大盘面｜高｜依据类型＝简介。,老派热血味很重的“大地图武侠”。,未核出显著同名冲突。,,未知。,survey_not_ledger,deep_research,non_authoritative,w02_shallow50.md,2026-07-18T14:03:06+08:00
w02,ST-001,乡村爱情：37岁谢大脚怀孕了！,番茄小说,铁锤阿拉,高,证据见书页。,男频衍生｜乡村｜系统｜多女主｜同人。,拿《乡村爱情》角色班底做二创的乡村系统同人。,摘录“从深圳归来的林辰，意外绑定系统……”,主角林辰从深圳回来，被系统强制留在象牙山五年。本来他只想守着老宅、带着积蓄低调熬时间，结果一头撞进《乡村爱情》的熟人圈，还和 37 岁的谢大脚扯上关键关系。核心冲突不是打怪升级，而是“系统任务+乡村日常+同人关系线”一起推着他改变象牙山原本的人情秩序。,影视同人｜频道直标“男频衍生/同人”，标题点名谢大脚｜高｜依据类型＝书页；乡村日常｜频道与简介都标乡村，舞台是象牙山村｜高｜依据类型＝书页；系统文｜简介明写绑定系统并被强制留村｜高｜依据类型＝简介；多女主｜频道直标多女主｜高｜依据类型＝书页。,熟人IP二创，主打“象牙山日常被主角搅乱”。,未核出显著同名冲突。,,未知。,survey_not_ledger,deep_research,non_authoritative,w02_shallow50.md,2026-07-18T14:03:06+08:00
w02,ST-001,乱世书,起点中文网,姬叉,高,证据见书页与作者页。,玄幻。,乱世江湖里带点高武味的成长冒险。,摘录“仗剑江湖载酒行，楚腰纤细掌中轻……”,这本不是庙堂纯谋略，更像把人扔进一个正在裂开的江湖。少年背刀挂酒上路，一边闯荡，一边被卷进乱世与江湖旧账里。开局看着像个人游历，实际冲突是：怎么在世道坏掉、规则失灵、强人横行的环境里，活成能真正劈碎旧秩序的人。主线是成长，底色是乱世。,乱世江湖｜简介直接写“乱世书中翻一页，江湖夜雨数十年”｜高｜依据类型＝简介；高武感｜官方问答检索明确提到高武世界背景｜中｜依据类型＝书页；成长流｜简介核心是少年执刀前行、一路变化｜高｜依据类型＝简介。,刀、酒、江湖味很足。,未核出显著同名冲突。,,未知。,survey_not_ledger,deep_research,non_authoritative,w02_shallow50.md,2026-07-18T14:03:06+08:00
w02,ST-001,云梦神泽,起点中文网,时宿雨,高,证据见书页与搜书页。,仙侠奇缘。,鲤鱼成精切入、带虐恋与六界秘辛的仙侠奇缘。,摘录“昆仑山瑶池里的鲤鱼成了精……”,主角起点不是凡人少年，而是昆仑瑶池里修炼三千年的鲤鱼精。她终于化形成人，却没有过安生日子，而是被推着卷进六界风波和旧年秘辛里。开局核心是“化形之后的人间与六界并不欢迎她”，后面冲突更多落在身份、旧情与命数纠缠上，偏感情线和仙侠奇缘路子。,仙侠奇缘｜频道直标仙侠奇缘｜高｜依据类型＝书页；妖修化形｜简介明写鲤鱼成精、修炼三千年化形｜高｜依据类型＝简介；六界秘辛｜简介写“搅动六界风云，掀起过往秘辛”｜高｜依据类型＝简介；虐恋底色｜搜书页直接提到“虐恋”｜中｜依据类型＝书页。,偏女频口感的妖修仙恋文。,未核出显著同名冲突。,,未知。,survey_not_ledger,deep_research,non_authoritative,w02_shallow50.md,2026-07-18T14:03:06+08:00
w02,ST-001,五仙门,纵横中文网,看得两叁言,中,证据见纵横作者/作品页；创世分发页也能对上作者与简介。,武侠仙侠／古典仙侠。,凡人起步的长线古典修仙。,摘录“遥远的青山，偏僻的村落，平凡少年……”,主角李言从偏僻村落出来，起点非常低，活命是第一位。故事不是“一上来就天才横推”，而是把凡人掉进修仙世界之后的求生、摸索、被骗、反打都慢慢铺开。主冲突也很直白：在真假难辨、仙凡断层极大的世界里，一个普通少年怎样从活下去，走到问长生。,凡人流｜简介是“平凡少年，只为生存”，非常典型｜高｜依据类型＝简介；古典仙侠｜分发页标古典仙侠，纵横页标武侠仙侠｜中｜依据类型＝书页；长线成长｜千万字级长篇，起点低、成长慢｜中｜依据类型＝书页。,耐读型长线修仙。,平台分发面较杂，原发平台我按纵横认亲，保留中置信。,,未知。,survey_not_ledger,deep_research,non_authoritative,w02_shallow50.md,2026-07-18T14:03:06+08:00
w02,ST-001,五代风华,起点中文网,怪诞的表哥,高,证据见书页与搜书页。,历史。,五代十国背景下的小人物入局改命。,摘录“一朝穿越五代，人命如草……”,主角穿到五代十国那种“今天活着、明天改朝换代都不稀奇”的时代，开局人命像草，根本没有安全感。他不是现成权贵，而是得从乱世里一点点找位置。主冲突很清楚：要么当棋子被时代吃掉，要么把自己逼成能翻盘的人。故事重点在乱世生存、权谋入局、身份跃迁。,历史穿越｜简介直接写穿越五代｜高｜依据类型＝简介；五代十国｜书名与频道都对准这一朝代场景｜高｜依据类型＝书页；权谋争霸｜简介写“为棋子，则破天下局”｜高｜依据类型＝简介。,怪诞的表哥写五代，主打乱世入局。,起点还检出一部已下架旧同名《五代风华》作者“邑倾尘”，当前连载应认怪诞的表哥这本。,,未知。,survey_not_ledger,deep_research,non_authoritative,w02_shallow50.md,2026-07-18T14:03:06+08:00
w02,ST-001,亡灵法师，召唤055什么鬼？,起点中文网,穿靴子的猫啊,高,证据见书页。,玄幻。,现代军工梗混进亡灵法师体系的异种爽文。,摘录“站在你面前的是：亡灵巨兽航母……”,主角是亡灵法师路子，但这本不走传统骷髅海，而是把“055大驱、航母、军工型号”这些现代武器想象嫁接进召唤体系里。开局冲突就是别人玩常规亡灵召唤，他玩的是完全不在一个维度上的“军武亡灵化”。所以它的看点不是严肃黑暗奇幻，而是脑洞够大、体系够离谱、爽点建立在反差上。,亡灵法师｜书名和简介都直指职业体系｜高｜依据类型＝书页；军武脑洞｜官方简介直接点“055大驱/航母”｜高｜依据类型＝简介；反套路爽文｜召唤体系和现代军武混搭就是主卖点｜中｜依据类型＝简介。,标题就告诉你，它靠脑洞赢。,未核出显著同名冲突。,,未知。,survey_not_ledger,deep_research,non_authoritative,w02_shallow50.md,2026-07-18T14:03:06+08:00
w02,ST-001,亮剑：从得到装备栏开始,没找到可靠原发平台页,作者未知,低,没找到可靠原发平台页｜作者未知｜低。 这次检索只稳定搜到《亮剑》原作/电视剧及一批近名“亮剑同人”，没捞到这一本的可靠原发书页。,未知。,从题名看，像《亮剑》背景的装备栏同人，但**仅凭题名不能认定**。,**缺官方简介**。,暂不能写成高质量完成态，因为没有可靠原发页来确认主角、平台、简介和世界观。只能非常保守地说：书名像是“亮剑IP衍生+装备栏金手指”路线，但这条判断只能停在题名级，不够入高置信。,亮剑衍生疑似｜仅题名含“亮剑”且结构像同人｜低｜依据类型＝仅题名；装备栏疑似｜仅题名含“装备栏”｜低｜依据类型＝仅题名。,—,**没找到**。,Y,未知。,survey_not_ledger,deep_research,non_authoritative,w02_shallow50.md,2026-07-18T14:03:06+08:00
w02,ST-001,亮剑：蓝星工业杀疯了,没找到可靠原发平台页,作者未知,低,没找到可靠原发平台页｜作者未知｜低。 搜索结果主要回到《亮剑》原作、电视剧或其它近名小说，没有核到这一本的可靠原发页。,未知。,从题名看，像《亮剑》背景叠“工业流/蓝星科技”的同人，但**不能认死**。,**缺官方简介**。,这本和上一条一样，公开核查没拿到能放心落表的平台页、作者页、简介页，所以不能把它写成完成度很高的梗概。单看题名，像是“亮剑同人+工业流+现代蓝星技术加成”的方向，但这只是题名级猜测，不能上高置信。,亮剑衍生疑似｜仅题名含“亮剑”｜低｜依据类型＝仅题名；工业流疑似｜仅题名含“蓝星工业”｜低｜依据类型＝仅题名。,—,**没找到**。,Y,未知。,survey_not_ledger,deep_research,non_authoritative,w02_shallow50.md,2026-07-18T14:03:06+08:00
w02,ST-001,人在美利坚：系统说是中世纪！,起点中文网,宋无名,高,证据见书页与书友页。,都市。,人在现代美国，但系统视角却像黑暗中世纪的错位都市文。,摘录“叮！恭喜你穿越黑暗中世纪……”,主角明明人在美利坚，却被系统按“黑暗中世纪”那套逻辑来解释现实，于是现代社会、帮派、政治、暴力和邪神设定全被套进一种荒诞解读里。开局冲突不是单纯赚钱或者求生，而是“你所在世界到底是现代美国，还是系统所说的那种邪神统治下的中世纪翻版”。这种错位感就是故事驱动力。,系统流｜简介直接由系统驱动｜高｜依据类型＝简介；美利坚都市｜书名与频道都锁定美国都市舞台｜高｜依据类型＝书页；邪神元素｜简介明写“邪神使徒”｜高｜依据类型＝简介；错位设定｜现代美国与中世纪系统解释冲突明显｜中｜依据类型＝简介。,现代都市壳，邪门中世纪脑回路。,另有近似书名《人在美利坚，系统说是中世纪？》，不是同一本，需区分。,,未知。,survey_not_ledger,deep_research,non_authoritative,w02_shallow50.md,2026-07-18T14:03:06+08:00
w02,ST-001,人在黄枫谷，我有一个装备栏！,起点中文网,乱星海韩跑跑,高,证据见书页。,仙侠。,《凡人修仙传》黄枫谷背景下的装备栏同人修仙。,摘录“地球人周元穿越凡人修仙……”,主角周元从地球穿进《凡人修仙传》的黄枫谷体系，还自带一个“装备栏”外挂。开局不是原创大世界，而是熟悉的凡人修仙舞台。主冲突在于：他知道这个世界危险、资源稀缺、强者压人，所以要靠装备栏这种金手指，把自己从普通弟子往更稳更强的方向抬。看点就是“凡人同人+面板装备化”。,凡人同人｜黄枫谷和韩跑跑指向很清楚｜高｜依据类型＝书页；装备栏｜书名与简介都直接给出外挂｜高｜依据类型＝简介；苟道修仙｜页面标签直标苟道修仙｜高｜依据类型＝书页。,把“凡人流”做成装备面板版。,黄枫谷同背景新书很多，但本书原页可直认。,,未知。,survey_not_ledger,deep_research,non_authoritative,w02_shallow50.md,2026-07-18T14:03:06+08:00
w02,ST-001,人族镇守使,起点中文网,白驹易逝,高,证据见书页与作者页。,玄幻。,妖魔乱世里的人族守护与斩妖升级。,摘录“重活一世，沈长青成为大秦镇魔司一员……”,沈长青重活后成了大秦镇魔司的人，一睁眼就是妖魔乱世、诡怪横行的高压环境。开局他没有闲工夫谈理想，先得靠斩妖除怪保命、升功。随着实力上涨，冲突也从小范围除魔，扩到“人族能不能在妖魔压境的世界里站住”。这本的骨架很直白，就是杀妖升级、守住人族。,斩妖除魔｜简介连续写杀诡怪、杀妖邪｜高｜依据类型＝简介；乱世守护｜书名与简介都围绕“镇守使”职责｜高｜依据类型＝简介；系统升级感｜“斩杀幽级诡怪，纯阳功圆满”等强烈数值增长风格｜高｜依据类型＝简介。,一路杀出来的人族守门人。,未核出显著同名冲突。,,未知。,survey_not_ledger,deep_research,non_authoritative,w02_shallow50.md,2026-07-18T14:03:06+08:00
w02,ST-001,人间最高处,纵横中文网,见秋,高,证据见纵横作者/作品页与七猫书页。,武侠仙侠／古典仙侠。,提剑向天门的长篇仙侠。,摘录“十二楼上开天门，此是人间最高处。”,主角刘景浊走的不是“小门派苟住”路线，而是很典型的提剑问天路。开局就把“人间最高处能有多高，我提剑至此，天人可敢迎战”这个调门拉上去了。核心冲突也因此很明确：他不是只求自保，而是奔着挑人间与天上秩序去的。整体更偏长线游历、修行、问剑、问道。,古典仙侠｜平台页直标古典仙侠/武侠仙侠｜高｜依据类型＝书页；问剑天人｜简介核心就是提剑至最高处迎战天人｜高｜依据类型＝简介；长线游历成长｜百万字级完结长篇，明显是长线铺陈｜中｜依据类型＝书页。,气口很高的“提剑问天”文。,未核出显著同名冲突。,,未知。,survey_not_ledger,deep_research,non_authoritative,w02_shallow50.md,2026-07-18T14:03:06+08:00
w02,ST-001,什么叫六边形打野啊,起点中文网,这很科学啊,高,证据见书页与简介页。,游戏。,英雄联盟职业打野成长文。,摘录“{英雄联盟电竞文} 团战、Gank、视野……”,顾行十八岁时发现自己在打野位上的理解和天赋非常顶，于是被推上职业道路。开局冲突不是“能不能打一把好排位”，而是他怎样把团战、抓人、视野、操作、意识、英雄池这些打野核心能力全部拉满，真正从普通天赋选手打成能定义版本和比赛的人。说白了，就是职业打野成长史。,英雄联盟电竞｜简介直接写英雄联盟电竞文｜高｜依据类型＝简介；职业成长｜简介点明用职业生涯诠释六边形打野｜高｜依据类型＝简介；打野位专精｜书名与简介完全锁打野位｜高｜依据类型＝书页。,电竞读者一看标题就知道是冲着“打野位封神”去的。,未核出显著同名冲突。,,未知。,survey_not_ledger,deep_research,non_authoritative,w02_shallow50.md,2026-07-18T14:03:06+08:00
w02,ST-001,什么邪法？我这是正儿八经的正法,起点中文网,新丰,高,证据见书页与作者页。,仙侠。,画风癫一点的反差型修仙爽文。,摘录“虚假的简介：林凡：师兄，师娘是师傅的……”,主角林凡这条线的第一感觉就是“不按常规出牌”。书名先玩了一个“邪法/正法”的反差梗，简介也故意把画风写得又怪又抽象。开局冲突是主角所用之法看着离谱、别人觉得邪门，但他偏要证明自己走的是“正法”。这种文不是正统古典仙侠口感，更偏段子感、反差感和一路变强的爽快感。,反差修仙｜书名就拿“邪法/正法”做冲突｜高｜依据类型＝书页；爽文｜书友圈与页面反馈都偏“爽”｜中｜依据类型＝书评；抽象搞笑｜简介写法就很玩梗｜中｜依据类型＝简介。,新丰式离谱修仙。,未核出显著同名冲突。,,未知。,survey_not_ledger,deep_research,non_authoritative,w02_shallow50.md,2026-07-18T14:03:06+08:00
w02,ST-001,今天他飞升了吗,起点中文网,裴不了,高,证据见书页与作者页。,仙侠。,都市感场景开局的修真文明文。,摘录“您是否曾想与家人外出旅行，却被妖兽袭扰？”,开篇地点是江城市第七卫星城，味道不像纯古仙侠，更像现代修真背景。主角从一场阴森诡异的事件切入，被卷进妖兽、修行者和更大的修真秩序里。标题问的是“今天他飞升了吗”，但故事真正的冲突是：一个身处现代文明外壳中的修行者，怎样在危险和混乱里走到飞升门槛。,现代修真｜首章地点是卫星城，明显不是纯古代｜高｜依据类型＝书页；飞升成长｜标题与简介都围绕飞升目标｜高｜依据类型＝书页；妖兽危机｜简介直接提妖兽袭扰｜高｜依据类型＝简介。,现代修真壳下的飞升故事。,未核出显著同名冲突。,,未知。,survey_not_ledger,deep_research,non_authoritative,w02_shallow50.md,2026-07-18T14:03:06+08:00
w02,ST-001,从今天开始做藩王,起点中文网,背着家的蜗牛,高,证据见书页。,历史。,穿成藩王后搞军政与工业的架空种田文。,摘录“一闭眼，一睁眼。赵煦穿越成燕王……”,赵煦一睁眼就成了大颂燕王，拿的不是“草根发育”剧本，而是藩王开局。问题也很现实：封地、朝局、敌我关系、军队、工业基础都要他自己补。主冲突就是一个现代意识的人，怎么在古代藩王的身份里把军政与生产体系重新做起来，最后不只是守住封地，还可能改写天下。,穿越藩王｜简介直写穿成燕王｜高｜依据类型＝简介；历史种田｜藩王治理天然落在内政建设｜中｜依据类型＝简介；争霸｜藩王题材基本默认要面对朝局与外敌｜中｜依据类型＝简介。,背蜗牛经典路数，藩王工业流。,未核出显著同名冲突。,,未知。,survey_not_ledger,deep_research,non_authoritative,w02_shallow50.md,2026-07-18T14:03:06+08:00
w02,ST-001,从假皇帝开始纳妃长生,起点中文网,一钱青黛,高,证据见书页。,仙侠。,替身皇帝开局的后宫修仙长生文。,摘录“一觉醒来，郑毅穿越异界古代，发现自己居然成了当朝皇帝的影子！”,郑毅穿越到异界古代，结果不是当真皇帝，而是当朝皇帝的“影子”替身。这个开局很危险，因为他随时可能替皇帝挨刀、被权臣控制，活命压力比普通穿越文大得多。好在他有阴阳宝鉴，可借纳妃和修行往长生路上走。主冲突就是：替身身份、宫廷权斗和长生修炼三条线一起压上来。,假皇帝／替身｜简介直接写皇帝影子｜高｜依据类型＝简介；后宫修仙｜书名与简介的“纳妃+长生”很明确｜高｜依据类型＝简介；宫廷权谋｜简介点刺客、权臣、太子等风险｜高｜依据类型＝简介。,宫斗味很重的长生文。,未核出显著同名冲突。,,未知。,survey_not_ledger,deep_research,non_authoritative,w02_shallow50.md,2026-07-18T14:03:06+08:00
w02,ST-001,从北电保安开始调教华娱,起点中文网,发飙的狗蛋,高,证据见书页与QQ阅读镜像。,都市｜娱乐明星。,重生到 1999 年，从北电保安切华娱的娱乐文。,摘录“重生1999，陈宾身为北电保安，觉醒‘娱乐教父’系统。”,陈宾重生回 1999 年，身上是北电保安的低起点身份，但同时开了“娱乐教父”系统。开局冲突很清楚：他没站在圈内中心，只能从守门人身份去蹭未来明星和华娱风口，然后一步步把自己从小人物做成大佬。故事不是文艺圈写实，主要卖点是重生信息差和华娱养成。,华娱文｜书名与简介直指华娱｜高｜依据类型＝简介；重生｜简介明写重生 1999｜高｜依据类型＝简介；系统流｜简介有娱乐教父系统｜高｜依据类型＝简介。,低起点切入的重生华娱。,未核出显著同名冲突。,,未知。,survey_not_ledger,deep_research,non_authoritative,w02_shallow50.md,2026-07-18T14:03:06+08:00
w02,ST-001,从大学球探开始,起点中文网,肉末大茄子,高,证据见书页与QQ阅读镜像。,体育｜篮球运动。,NBA 运营向，不是纯上场比赛流。,摘录“2006年，杨帅穿越成了维克森林大学的一名大三学生。”,杨帅穿到 2006 年美国大学校园，身份不是球星，而是更偏幕后视角的人。他没有系统、没有绝世身体天赋，最大的外挂是知道未来二十年的剧本。开局冲突不是自己砍分，而是怎么靠眼光、交易、选秀和布局，从大学球探一路混进 NBA 权力圈。这本更像“篮球经营文”。,篮球运营文｜简介直接写交易、选秀、布局｜高｜依据类型＝简介；穿越｜简介明写穿越成大学生｜高｜依据类型＝简介；信息差开挂｜外挂是知道未来二十年剧本｜高｜依据类型＝简介。,不下场打球，去改写联盟。,未核出显著同名冲突。,,未知。,survey_not_ledger,deep_research,non_authoritative,w02_shallow50.md,2026-07-18T14:03:06+08:00
w02,ST-001,从天才开始无敌于斗破,起点中文网,a小白b,高,证据见书页。,轻小说。,斗破同人，假如萧炎起步就是天才。,摘录“假如萧炎最初没有失去斗气。”,这本直接从《斗破苍穹》的关键设定上动刀：如果萧炎最开始没有掉下去，而是保住天才开局，会发生什么？所以开局冲突不是原创世界难题，而是读者熟悉的斗破世界被改线之后，主角如何在更强的起跑线上往无敌路子推。看点就是同人改命与强力成长。,斗破同人｜简介直接写斗破前提改写｜高｜依据类型＝简介；天才流｜书名与简介都围绕“天才开局”｜高｜依据类型＝简介；无敌流｜题名直接指向无敌路线｜高｜依据类型＝书页。,同人文里最直接的“把主角开局调高”。,未核出显著同名冲突。,,未知。,survey_not_ledger,deep_research,non_authoritative,w02_shallow50.md,2026-07-18T14:03:06+08:00
w02,ST-001,从姑获鸟开始,起点中文网,活儿该,高,证据见书页与角色页。,诸天无限。,带国术和历史气味的无限流。,摘录“身如鸿毛，命如野草。”,主角李阎先是一个绝症缠身的人，后来遇到“代行者貘”，进入阎浮世界。从这一步开始，他就不再只活在原世界，而是在一个个危险果实世界里闯命。开局冲突是命太贱、局太黑，但他偏要硬冲出去。它不是轻飘飘打卡流，重点在拳脚、血气、历史感和一个个副本里的死生搏命。,无限流｜频道直标诸天无限｜高｜依据类型＝书页；国术／硬派搏杀｜百科页评价突出硬核武术描写｜中｜依据类型＝书评；绝症流开局｜角色页明确写绝症缠身｜高｜依据类型＝书页。,无限流里很有硬派味的一本。,未核出显著同名冲突。,,未知。,survey_not_ledger,deep_research,non_authoritative,w02_shallow50.md,2026-07-18T14:03:06+08:00
w02,ST-001,从效法万妖开始成就真仙,起点中文网,陆月十九,高,证据见书页与QQ阅读镜像。,玄幻｜东方玄幻。,妖伪仙、凡人改法成真的反仙路玄幻。,摘录“狰狞妖魔台上坐，享尽万家香火钱。”,林舒发现这个世界的“仙法”根本不是让凡人成仙，而是把凡人练成更好吃、更好用的材料。开局冲突很狠：别人拜仙，他读仙法后意识到仙是假、吃人才是真。于是他拿着特殊道具去改法、炼宝，准备反过来血洗九霄，重写什么叫真仙。说白了，这是条从受害者走向掀桌者的路。,反仙道｜简介核心就是“你们只想吃了我”｜高｜依据类型＝简介；妖魔伪仙｜简介明确写它们自诩为仙｜高｜依据类型＝简介；掀桌成长｜主线是改天下法、重新定义真仙｜高｜依据类型＝简介。,先看出“仙路是假”，再反杀。,未核出显著同名冲突。,,未知。,survey_not_ledger,deep_research,non_authoritative,w02_shallow50.md,2026-07-18T14:03:06+08:00
w02,ST-001,从斗罗开始打卡,起点中文网,夏竖琴,高,证据见书页与搜书页。,轻小说。,斗罗同人里的系统打卡流。,摘录“穿越斗罗大陆，本想咸鱼一生的王枫……”,王枫穿进斗罗大陆，本来想混日子，结果打卡辅助系统直接把他推上升级路。开局冲突非常清楚：熟悉的斗罗世界依旧危险，但他手里多了系统，可以靠打卡持续拿奖励、拿武魂、堆实力，于是从“想躺平”一步步变成“必须往前打”。标准的同人爽文底盘。,斗罗同人｜简介直写斗罗大陆｜高｜依据类型＝简介；打卡系统｜简介直写打卡辅助系统｜高｜依据类型＝简介；轻小说爽文｜频道为轻小说，路线偏轻快升级｜高｜依据类型＝书页。,斗罗打卡开挂模板。,未核出显著同名冲突。,,未知。,survey_not_ledger,deep_research,non_authoritative,w02_shallow50.md,2026-07-18T14:03:06+08:00
w02,ST-001,从斩妖除魔开始长生不死,起点中文网,陆月十九,高,证据见书页。,玄幻。,杀妖灌寿元推武学的无敌升级文。,摘录“消耗寿元灌注武学，可无限进行推演……”,这本路子特别直接：主角靠斩妖除魔拿寿元，再把寿元灌进武学里无限推演，硬生生把自己堆成越来越离谱的存在。开局冲突没那么弯，妖是要杀的，法是要推的，命是要延的。故事核心矛盾就是：在妖魔横行的世界里，主角把“寿命”变成最硬的修炼资源，一路往长生和无敌推。,斩妖升级｜书名就写死主线｜高｜依据类型＝书页；寿元金手指｜简介明写消耗寿元推演武学｜高｜依据类型＝简介；长生文｜标题直给长生不死｜高｜依据类型＝书页。,非常纯粹的“杀妖+寿元灌功”。,未核出显著同名冲突。,,未知。,survey_not_ledger,deep_research,non_authoritative,w02_shallow50.md,2026-07-18T14:03:06+08:00
w02,ST-001,从武圣开始,起点中文网,能优斯特,高,证据见书页。,仙侠｜修真文明。,武道体系写到极高处的长线成长文。,摘录“天人授武，练拳长生！”,这是个“武”比“仙”更显眼的世界。武圣不是中间站，而是能托举九鼎、摸到天地奥秘的顶层存在。开局冲突在于主角得从武者世界里往上攀，不只是练拳打人，而是拿拳路子一步步打进长生与世界本质。你可以把它理解成“武道版修真文明”。,武道长生｜简介直接“练拳长生”｜高｜依据类型＝简介；高武世界｜简介列武圣、宗师、武师完整武道阶梯｜高｜依据类型＝简介；长线成长｜千章长篇，明显是爬阶式成长｜中｜依据类型＝书页。,把“练拳”一路写到天花板。,未核出显著同名冲突。,,未知。,survey_not_ledger,deep_research,non_authoritative,w02_shallow50.md,2026-07-18T14:03:06+08:00
w02,ST-001,从每日一卦开始，肝成万法仙尊,起点中文网,雾冷夜沉,高,证据见书页与简介页。,仙侠｜幻想修仙。,带问卦系统的稳健凡人修仙。,摘录“今日卦象·吉……今日卦象·凶……”,主角汪海转世到修仙界，天赋不算顶，起手更像坊市散修的低配模版。真正关键是他的“每日一卦”，能提前给他吉凶提示。开局冲突也因此变成：别人是盲修，他是知道今天去坊市会发财、出门会被劫，然后靠规避风险和疯狂苦修，把自己一点点肝成万法仙尊。,凡人流｜页面直标凡人流｜高｜依据类型＝书页；问卦系统｜简介结构就是每日卦象指路｜高｜依据类型＝简介；苟道稳健｜页面直标苟道、稳健｜高｜依据类型＝书页；长生修仙｜页面直标长生流｜高｜依据类型＝书页。,每天先算一卦，再决定去不去送死。,未核出显著同名冲突。,,未知。,survey_not_ledger,deep_research,non_authoritative,w02_shallow50.md,2026-07-18T14:03:06+08:00
w02,ST-001,从气运词条开始成就人皇,起点中文网,水煮天命,高,证据见书页。,仙侠。,命格词条驱动的王朝成长文。,摘录“百龙争霸，谁为真龙？”,这本把“气运、词条、真龙、人皇”这些元素拧在一起。开局背景是王朝争霸，主角不是单打独斗式修仙，而是要在天命、命格和权势竞争里找机会往上爬。主冲突就是谁能在真龙格局里站到最后，把个人命和王朝命拧成一股绳，最后坐上“人皇”这个位置。,词条金手指｜书名就点明气运词条｜高｜依据类型＝书页；王朝争霸｜简介直接“百龙争霸，谁为真龙”｜高｜依据类型＝简介；人皇成长｜题名直奔成就人皇｜高｜依据类型＝书页。,把“词条流”做到皇权竞争上。,未核出显著同名冲突。,,未知。,survey_not_ledger,deep_research,non_authoritative,w02_shallow50.md,2026-07-18T14:03:06+08:00
w02,ST-001,从水猴子开始成神,起点中文网,甲壳蚁,高,证据见书页与QQ镜像。,玄幻｜东方玄幻。,渔民开局、水泽天赋进化流。,摘录“武师们为陆地宝树打的头破血流，深水神草却无人问津。”,梁渠开局是渔民，不是宗门少主。他得到水泽之鼎后，能炼化“水猴子”天赋，走的是很明显的水系成长线。开局冲突在于别人都盯着陆地机缘，他偏偏扎进水里找路。随着天赋一路从水猴子往更高形态进化，他也从水边小人物，慢慢长到能主宰大泽的存在。,天赋进化｜简介直接给水猴子→泽狨→水王猿等阶梯｜高｜依据类型＝简介；渔民开局｜简介明写穿越成渔民｜高｜依据类型＝简介；水系成长｜全套核心资源都围绕水泽与水兽｜高｜依据类型＝简介。,水系进化文里辨识度很高的一本。,未核出显著同名冲突。,,未知。,survey_not_ledger,deep_research,non_authoritative,w02_shallow50.md,2026-07-18T14:03:06+08:00
w02,ST-001,从神探李元芳开始,起点中文网,兴霸天,高,证据见书页。,历史。,穿成李元芳后，一边破案一边改历史。,摘录“穿越李元芳，神探竟是我自己。”,主角直接穿成李元芳，这就决定了他开局不是无名之辈，而是站在狄仁杰故事圈里的人物。主冲突也很清楚：一边要靠破案、查凶、保命应对历史与权力局，一边又会因为穿越视角让原本的故事线发生偏转。看点就是“神探李元芳”这个经典形象，被重新拿来做一条历史破案成长线。,历史穿越｜简介先给穿越李元芳｜高｜依据类型＝简介；探案｜题名与简介都明确神探路线｜高｜依据类型＝简介；狄仁杰宇宙改写｜简介提到身边有狄胖胖｜高｜依据类型＝简介。,经典历史角色再开一局。,未核出显著同名冲突。,,未知。,survey_not_ledger,deep_research,non_authoritative,w02_shallow50.md,2026-07-18T14:03:06+08:00
w02,ST-001,从红月开始,起点中文网,黑山老鬼,高,证据见书页与搜书页。,科幻。,红月降临后的精神污染末世。,摘录“红月亮出现在天上的那一刻开始，全世界的人都成了疯子。”,这本开局一句话就把气氛立住了：红月出现后，世界疯了。主角看起来像普通人，但他在这个精神污染遍地的世界里显得并不普通。主冲突就是他得在疯子、污染源、城市秩序和自己“家庭”般诡异的环境里活下去、查下去。读感是悬疑、废土、异能和精神污染混搭，不是传统硬科幻。,精神污染｜新华网稿明确点题精神污染｜高｜依据类型＝书评；废土气质｜红月后秩序崩坏、城市调查队氛围明显｜中｜依据类型＝书评；诡异科幻｜频道是科幻，但核心恐怖感与怪谈味很重｜高｜依据类型＝书页。,诡异感非常强的都市废土。,未核出显著同名冲突。,,未知。,survey_not_ledger,deep_research,non_authoritative,w02_shallow50.md,2026-07-18T14:03:06+08:00
w02,ST-001,从红海行动开始的文娱,起点中文网,ERROR不能用,高,证据见书页与书友页。,军事。,军旅动作片世界观起步、一路串进文娱混合宇宙。,摘录“主角因为一次飞机失事穿越了……”,主角因飞机失事穿越，后来发现自己来的不是单一现实，而是一个把多部影视设定揉在一起的混合世界。开局冲突先落在生存和任务层面，但随着世界观铺开，故事逐渐往动作、军旅、文娱交叉的方向走。说白了，它不是纯军事文，也不是纯娱乐文，而是拿《红海行动》这类硬派动作片气质做起点。,影视综宇宙｜简介直接说“集合了……”｜高｜依据类型＝简介；军事底色｜频道标军事，起步取材红海行动｜高｜依据类型＝书页；文娱混合｜书名直接点文娱｜高｜依据类型＝书页。,文娱题材里混进硬派动作感。,作者名较怪，但页面一致显示为“ERROR不能用”。,,未知。,survey_not_ledger,deep_research,non_authoritative,w02_shallow50.md,2026-07-18T14:03:06+08:00
w02,ST-001,从美恐开始肝经验,起点中文网,纳塔那埃尔,高,证据见书页与QQ镜像。,诸天无限／诸天。,美恐片单大乱炖的熟练度成长文。,摘录“美利坚民风淳朴，弗罗里达更是人才辈出。”,主角卢克穿进一个由大量美式恐怖片元素组成的世界，身边全是变态杀人魔、畸形家族、丧尸、恶魔之类东西。好在他有熟练度面板，能靠“肝经验”把自己一点点练起来。开局冲突就是：别人进恐怖片是被追着杀，他得在连续不断的恐怖世界里把经验刷出来，活成反过来清场的人。,美恐同人／衍生｜书名与简介列了大量经典恐怖IP｜高｜依据类型＝简介；熟练度面板｜简介直写熟练度面板｜高｜依据类型＝简介；诸天串场｜频道直标诸天｜高｜依据类型＝书页。,把美恐片单当经验副本刷。,未核出显著同名冲突。,,未知。,survey_not_ledger,deep_research,non_authoritative,w02_shallow50.md,2026-07-18T14:03:06+08:00
w02,ST-001,从肉体凡胎到粉碎星球,起点中文网,乘风御剑,高,证据见书页与搜书页。,玄幻。,从肉身苦修一路打到超高武上限。,摘录“哪有什么常胜无敌？哪有什么至强不败？”,这本不是一开始就给你“天命之子平推”，反而先强调没有永远第一。主角要从最普通的肉体凡胎起步，靠战斗、磨炼和突破一路往上打，直到武力层级夸张到“粉碎星球”。开局冲突就是弱者如何在残酷竞争里站稳，后面则是不断逼近人类力量上限。,高武升级｜书名直接给出力量跨度｜高｜依据类型＝书页；无敌流倾向｜问书页点到无敌流元素｜中｜依据类型＝书页；肉身修行｜标题核心就是从肉体凡胎起步｜高｜依据类型＝书页。,典型乘风御剑系“战斗上限不断抬高”。,未核出显著同名冲突。,,未知。,survey_not_ledger,deep_research,non_authoritative,w02_shallow50.md,2026-07-18T14:03:06+08:00
w02,ST-001,从赘婿开始建立长生家族,起点中文网,天弦画柱,高,证据见书页与作者页。,仙侠。,赘婿身份切入的多子多福修仙家族文。,摘录“陆长生穿越仙侠世界，成为一个仙门落选的农户少年。”,陆长生穿到仙侠世界，但第一步没进仙门，只能以农户少年身份求活。之后他带着“多子多福”系统，入赘修仙家族，从最边缘的位置开始经营。开局最大的冲突不是打怪，而是身份低、资源差、又要在家族与修行之间找到自己的路。随着子嗣、资源和家族势力扩张，故事也越写越大。,家族修仙｜书名直给长生家族｜高｜依据类型＝书页；赘婿流｜书名与作者页都写入赘修仙家族｜高｜依据类型＝简介；多子多福系统｜作者页明确写只要开枝散叶便可获得奖励｜高｜依据类型＝简介。,把“多子多福”真正写到家族经营上。,未核出显著同名冲突。,,未知。,survey_not_ledger,deep_research,non_authoritative,w02_shallow50.md,2026-07-18T14:03:06+08:00
w02,ST-001,从零开始,起点中文网,雷云风暴,高,证据见书页。,游戏。,老牌超长篇网游经营冒险文。,摘录“想要让游戏币兑换现实货币，那就一定要有一个强大的势力作后盾。”,这本是老牌网游文思路：主角不是单纯在线上打怪升级，而是把游戏世界和现实利益强绑定。开局冲突说白了就是想在游戏里挣钱、做大，就不能只当独狼，必须把势力、资源、战争、经营一整套都拉起来。所以它读起来不像现在的轻量快节奏游戏文，更像一部长线网游史诗。,网游文｜页面直标游戏｜高｜依据类型＝书页；势力经营｜简介核心是靠势力支撑利益兑换｜高｜依据类型＝简介；超长篇｜三千多章的老牌长篇｜高｜依据类型＝书页。,老网游文代表作之一。,与日轻《Re:从零开始的异世界生活》完全不是一回事。,,未知。,survey_not_ledger,deep_research,non_authoritative,w02_shallow50.md,2026-07-18T14:03:06+08:00
w02,ST-001,从魔法少女开始独断万古,起点中文网,绿茶藨子,高,证据见书页与QQ阅读。,轻小说。,魔法少女体系硬拐到修真大道上的抽象成长文。,摘录“十年网文老书虫，江思和其他人不一样……”,江思是那种看网文看到入脑的人，心里一直认定“世界上只要有超凡力量，就一定能走出修真大道”。结果他真穿了，落到一个有魔法少女的世界。开局冲突就是：世界有超凡，但不是他熟悉的那套；要不要接受变身、接受不同体系？主线则是他硬把魔法少女力量往“独断万古”的修真方向掰。,魔法少女｜题名与简介都直给｜高｜依据类型＝简介；穿越｜评介与简介都写穿越后世界｜高｜依据类型＝简介；体系混搭｜修真目标+魔法少女力量体系混合｜高｜依据类型＝简介。,脑回路很野的混搭文。,另有近似书名《变身：从魔法少女开始独断万古》，需区分。,,未知。,survey_not_ledger,deep_research,non_authoritative,w02_shallow50.md,2026-07-18T14:03:06+08:00
w02,ST-001,他从天外归来,起点中文网,最后的茄子,低,可核到多处二手索引都指向“起点目录/作者最后的茄子”，但这次没有捞到稳定的原始书页。,二手索引显示为玄幻／异世大陆。,科技大帝回归地球，对修炼体系进行降维打击。,**缺官方简介**。这次只核到二手索引中的简介片段，没拿到稳定原发页。,李毅失踪三天，却在另一个高科技位面待了三千万年，再回来时已经掌握毁天灭地的科技力量。开局冲突很直接：原世界的人还在练武、修仙、讲神怪，他却想用科技把这整套体系压过去。故事核心不是普通回归都市，而是“超高位文明回头碾压旧世界规则”。,都市回归｜简介就是失踪后归来｜中｜依据类型＝书评；科技碾压修炼｜二手简介明确写“科技才是第一生产力”｜中｜依据类型＝书评；异世大陆/玄幻｜二手索引写成起点玄幻异世大陆｜中｜依据类型＝书评。,修仙世界遇到“科技大帝回村”。,书名与作者能在多处二手索引对上，但原发页未稳拿到，**需认亲**。,,未知。,survey_not_ledger,deep_research,non_authoritative,w02_shallow50.md,2026-07-18T14:03:06+08:00
w02,ST-001,仙业,起点中文网,鹓扶君,高,证据见书页与QQ镜像。,仙侠｜古典仙侠。,气质偏古典、世界架构很大的长生修仙文。,摘录“梦从海底跨枯桑，阅尽银河风浪。”,这本一开口就是古典仙侠味：九州四海、玄宗魔门、天人外道、净土僧伽全摆出来。主角不是在很窄的小地方挣扎，而是被放进一个体系特别大的修行世界里。开局冲突更多是“在大世界修行秩序里找自己的长生路”，不是快餐爽点型。读者要的是世界感、修行味和长线铺陈。,古典仙侠｜频道明写古典仙侠｜高｜依据类型＝书页；大世界观｜简介同时铺九州四海、玄宗魔门等多体系｜高｜依据类型＝简介；长生求道｜简介结尾直写“只愿求长生”｜高｜依据类型＝简介。,很讲世界气口的一本古典仙侠。,未核出显著同名冲突。,,未知。,survey_not_ledger,deep_research,non_authoritative,w02_shallow50.md,2026-07-18T14:03:06+08:00
w02,ST-001,仙人就该是这样,起点中文网,真费事,高,证据见书页与作者页。,仙侠。,现实/幻想边界打架的修仙文。,摘录“一个时日无多的顶级富豪，有一个得了重度幻想症的独子。”,这本开局挺特别，不是直接上山修仙，而是先把“重度幻想症患者”这个现实标签扔出来。患者坚信自己能穿越古今、找玄妙变数得道成仙，于是故事的核心冲突就变成：他到底是疯了，还是世界真的有仙路？读者读的时候，会被不断拽着去怀疑现实和修仙哪边才是真的。,现实/修仙边界模糊｜简介故意先压幻想症设定｜高｜依据类型＝简介；修仙悬疑感｜“到底是不是疯了”就是第一层钩子｜中｜依据类型＝简介；反常规开局｜不是传统拜师开局｜高｜依据类型＝简介。,先把“你是不是疯了”这层皮套上。,未核出显著同名冲突。,,未知。,survey_not_ledger,deep_research,non_authoritative,w02_shallow50.md,2026-07-18T14:03:06+08:00
w02,ST-001,仙人消失之后,起点中文网,风行水云间,高,证据见书页与分享页。,仙侠｜幻想修仙。,仙人退场后的神魔乱世冒险。,摘录“三千年前，天魔降临。仙人出手，胜而逐之……”,世界观很抓人：三千年前仙人打退天魔，后来灵气衰弱，仙人消失，结果天魔反倒化身神明在人间混。主角活在这样一个“真仙没了，伪神当道”的时代。开局冲突就不是普通修行难，而是整个世界的秩序已经烂掉了，得在人间、神明、天魔和旧时代遗产之间找活路、找真相。,后仙人时代｜书名与简介完全一致｜高｜依据类型＝简介；剧情流｜页面标签直写剧情流、故事流、无系统｜高｜依据类型＝书页；乱世冒险｜天魔化神、灵气衰弱意味着秩序混乱｜高｜依据类型＝简介。,设定一看就知道世界观很能打。,未核出显著同名冲突。,,未知。,survey_not_ledger,deep_research,non_authoritative,w02_shallow50.md,2026-07-18T14:03:06+08:00
w02,ST-001,仙子别怕，我是瞎子,起点中文网,忽公子,高,证据见书页与QQ镜像。,仙侠｜幻想修仙。,带一点污浊诡异味的仙侠后宫冒险。,摘录“好消息：穿越了！还有一个强大师尊！”,游苏穿越后最大的麻烦不是穷，而是先天目盲，师尊又跑路，宗门只剩烂摊子给他收拾。更麻烦的是，他后来突然恢复视力，却看见师妹、师娘和这个世界背后的东西都不太对劲——仙子外皮下甚至可能是污浊血肉。开局冲突就是：你看不见时能活，真看见之后反而更危险。,盲人主角｜书名与简介都明写瞎子｜高｜依据类型＝简介；诡异修仙｜简介直接写污浊、铜绿黏液、肮脏血肉｜高｜依据类型＝简介；后宫向｜外部书评普遍按后宫文阅读｜中｜依据类型＝书评。,把“看见真相更糟”这一刀捅得挺狠。,未核出显著同名冲突。,,未知。,survey_not_ledger,deep_research,non_authoritative,w02_shallow50.md,2026-07-18T14:03:06+08:00
w02,ST-001,仙子，请听我解释,起点中文网,弥天大厦,中,当前公开检索里，老书名大量映射到现书名《望长天》，作者、主角、简介主干一致。,仙侠｜幻想修仙。,反派视角切入的大炎皇朝权相修仙文。,摘录“大炎皇朝国祚一千三百余年。皇帝病危，太子监国……”但当前起点公共入口更多以《望长天》展示。,主角许元一醒来就在大炎皇朝的深山雨夜里，身份不是常规正派，而更像原本的高位反派。开局冲突是皇帝病危、太子监国、仙门盘踞、权相乱朝，整个朝局已经烂成一锅粥；而他自己又在局中央。故事重点不只是修炼，还包括权谋、身份反转和与仙子们的高压关系线。,皇朝权谋｜简介核心就是病危皇帝、太子监国、权相乱朝｜高｜依据类型＝简介；反派视角感｜多处介绍都说许元像从游戏BOSS到最终BOSS｜中｜依据类型＝书页；仙侠幻想修仙｜起点映射页直标频道｜高｜依据类型＝书页。,仙侠权谋里很出圈的一本。,**需认亲**。当前起点公开检索已明显把《仙子，请听我解释》映射到《望长天》，我按“同书更名/映射”处理。,,未知。,survey_not_ledger,deep_research,non_authoritative,w02_shallow50.md,2026-07-18T14:03:06+08:00
w02,ST-001,仙工开物,起点中文网,蛊真人,高,证据见书页。,仙侠。,机关仙宫、心魔佛印、机关术修仙。,摘录“火山中，先贤大能遗留的机关仙宫，渴望着后继者。”,主角宁拙不是单纯拿剑砍天的路线，他的核心资源是机关仙宫宝印，以及和机关术、心印体系相关的一整套东西。开局冲突非常明确：母亲拼死把仙宫宝印留给他，他得接住这份传承，也得扛住围绕它来的风险。故事推进更重“机关、秘宝、心魔佛印、继承资格”这些设定。,机关修仙｜官方简介直接写机关仙宫、驭机关｜高｜依据类型＝简介；传承争夺｜简介有“遗留仙宫渴望后继者”｜高｜依据类型＝简介；秘印体系｜我佛心魔印是核心设定之一｜高｜依据类型＝简介。,蛊真人这次冲的是机关体系。,未核出显著同名冲突。,,未知。,survey_not_ledger,deep_research,non_authoritative,w02_shallow50.md,2026-07-18T14:03:06+08:00
w02,ST-001,仙朝鹰犬,起点中文网,平层,高,证据见书页。,玄幻。,仙朝官僚体系里的探案/缉杀/权谋玄幻。,摘录“大禹仙朝，千年传承。明君在位，悍臣满朝。”,故事舞台不是山门，而是“大禹仙朝”这种国家机器。主角在这样的仙朝秩序里活动，既要面对神魔窥伺、妖孽潜行，也要在朝堂和权力执行系统里活下去。开局冲突放在盛世外表和暗流涌动之间，所以它不只是打怪修仙，还有很明显的官场执行者视角。,仙朝官场｜题名与简介都直指国家机器｜高｜依据类型＝简介；神魔妖孽｜简介明写神魔窥伺、妖孽潜行｜高｜依据类型＝简介；权谋感｜“鹰犬”天然带执行线与权力味｜中｜依据类型＝简介。,修仙世界里的“缉事鹰犬”视角。,未核出显著同名冲突；第三方百科把作者写成梦入神机，与书页不符，应以书页“平层”为准。,,未知。,survey_not_ledger,deep_research,non_authoritative,w02_shallow50.md,2026-07-18T14:03:06+08:00
w02,ST-001,仙灵妖神记,起点中文网,紫薇大帝,高,证据见书页与QQ阅读。,仙侠。,洪荒神妖大盘面的古典仙侠。,缺官方简介整段；公开可见原页主要核到作者、平台、更新与章节信息。,从章节名和平台归类看，这本明显不是都市轻修仙，而是神妖、洪荒、准圣、本源、气运之宝这一挂的古典仙侠大盘面。读者进来大概率是看神妖势力、洪荒背景和高阶修炼博弈。开局具体切口公开页不够全，但能确定它走的是“仙灵、妖族、神话体系”交织的长线故事。,洪荒神妖｜章节名里直接出现玄冥、商羊、准圣等洪荒系名词｜中｜依据类型＝书页；古典仙侠｜QQ阅读镜像与起点页都归仙侠｜高｜依据类型＝书页；长篇连载｜500+章量级｜高｜依据类型＝书页。,偏洪荒神妖味。,与《妖神记》之类近名作品容易串，但本书原书名确为《仙灵妖神记》。,,未知。,survey_not_ledger,deep_research,non_authoritative,w02_shallow50.md,2026-07-18T14:03:06+08:00
w02,ST-001,仙秦多元宇宙帝国,起点中文网,熊二先生,高,证据见书页。,诸天无限。,拿嬴政做主轴的多元宇宙帝国文。,摘录“政哥牛逼！这是一个政哥偶获大罗天碎片……”,这本核心就一件事：让嬴政带着外挂去把大秦从单一历史王朝，往“仙秦多元宇宙帝国”方向推。开局冲突不是普通历史改命，而是政哥拿到大罗天碎片以后，怎样把帝国力量一路扩展到多元宇宙层面。看点是秦帝国、诸天、世界征伐和帝国机器升级。,政哥主轴｜简介直接写政哥｜高｜依据类型＝简介；诸天帝国流｜频道是诸天无限，书名是多元宇宙帝国｜高｜依据类型＝书页；大秦扩张｜书名和简介都锁仙秦帝国发展｜高｜依据类型＝简介。,喜欢“始皇帝开诸天征服局”的会对味。,未核出显著同名冲突。,,未知。,survey_not_ledger,deep_research,non_authoritative,w02_shallow50.md,2026-07-18T14:03:06+08:00
w02,ST-001,仙笼,起点中文网,布谷聊,高,证据见书页与搜书页。,仙侠。,气质古怪、意象很浓的古典仙侠。,摘录“这凤池龙阁林，我曾做黄粱梦，将五千年兴衰看饱。”,这本开场不是直白报菜名，而是先用一串非常有味道的意象把你拉进世界里。它更像那种讲气口、讲命数、讲人间与仙路错位感的古典仙侠。开局冲突不是一眼看完的“宗门欺凌”，而是主角余列要从乱象、幻梦和天下大势里往上挣。适合吃文风和世界气氛的读者。,古典仙侠气口｜文案意象非常浓，明显不是白描爽文｜高｜依据类型＝简介；黄粱/幻梦意象｜简介直写黄粱梦、兴衰看饱｜高｜依据类型＝简介；长线命运流｜从文案和完结长篇体量看，不是短线快餐｜中｜依据类型＝书页。,读它更多是吃味道。,检到若干近名书，但《仙笼》原页可直认。,,未知。,survey_not_ledger,deep_research,non_authoritative,w02_shallow50.md,2026-07-18T14:03:06+08:00
w02,ST-001,仙者,起点中文网,忘语,高,证据见书页与搜书页。,仙侠。,香火、神念与修行桎梏并行的忘语系仙侠。,摘录“手托一尊香炉，燃起一炷香。”,香炉、一炷香、神念通天，这本一开口就把修行方法和气质定住了。主角走的不是最常见的剑修模板，而是和香火、神念、感应天地更相关的路数。开局冲突就是：在世间种种桎梏里，怎么通过这一套修行方法走成“仙者”。看点在体系感和忘语一贯的修仙推进。,忘语系修仙｜作者即忘语，频道仙侠｜高｜依据类型＝书页；神念修行｜简介明写神念通天彻地｜高｜依据类型＝简介；香火感应｜香炉与一炷香是关键意象｜高｜依据类型＝简介。,忘语的新体系修仙。,未核出显著同名冲突。,,未知。,survey_not_ledger,deep_research,non_authoritative,w02_shallow50.md,2026-07-18T14:03:06+08:00
w02,ST-001,仙逆,起点中文网,耳根,高,证据见书页与简介页。,仙侠。,经典逆修路数的长篇修仙。,摘录“顺为凡，逆则仙，只在心中一念间……”,王林这条线属于很多读者心里的经典修仙模板：资质、命运、宗门、仇怨、心性全被逼到极限，然后一路“逆”上去。开局不是天才爽开，而是普通少年被现实按在地上摩擦，必须逆着走才能修成仙。主冲突就是凡与仙、人心与大道、顺势与逆命之间的硬碰硬。,经典修仙｜老牌名作，页面定位非常明确｜高｜依据类型＝书页；逆修｜核心文案就是顺凡逆仙｜高｜依据类型＝简介；苦修成长｜王林线公认是硬吃苦路子｜中｜依据类型＝简介。,很多人心里“逆天修仙”的代表。,衍生同人很多，但原著本体可直认。,,未知。,survey_not_ledger,deep_research,non_authoritative,w02_shallow50.md,2026-07-18T14:03:06+08:00
w03,ST-001,仙遁,起点中文网,蛇吞鲸,高,证据：起点条目、QQ阅读页。,仙侠｜修真文明。**粗题材**：普通宗门弟子捡到失传巫族功法后，一路卷入修行界巨变的老派升级修仙。,普通宗门弟子捡到失传巫族功法后，一路卷入修行界巨变的老派升级修仙。,孔焯本是一个普通的罗孚弟子，平生最大的愿望便是混吃长生……一次下山祭祖便得了早已绝传了数万年的正宗巫族修行法门大日琉璃金身诀……修行界有史以来最大的意外与奇迹便诞生了。,开局是罗孚宗小弟子孔焯，本来只想混日子混到长生，结果下山祭祖时意外拿到失传巫法。说白了就是一个“本想苟，结果一路开机缘”的故事：功法、法宝、剑术接连到手，人也被卷进中土修行界的大变局里，主冲突是他怎么靠新得到的力量，在越来越凶险的修行秩序里活下来、站上去。**细标签**：凡人起步｜“普通弟子”开局｜高｜简介；机缘升级｜巫族功法改变命运｜高｜简介；宗门修仙｜罗孚弟子身份明确｜高｜书页。**一句话卖点**：老派仙侠里很典型的“捡功法改命”。,凡人起步｜“普通弟子”开局｜高｜简介；机缘升级｜巫族功法改变命运｜高｜简介；宗门修仙｜罗孚弟子身份明确｜高｜书页。**一句话卖点**：老派仙侠里很典型的“捡功法改命”。,老派仙侠里很典型的“捡功法改命”。,未见明显同名主书冲突。,,未知。,survey_not_ledger,deep_research,non_authoritative,w03_shallow50.md,2026-07-18T14:26:46+08:00
w03,ST-001,仙道尽头,起点中文网,怕辣的红椒,高,证据：起点条目、QQ阅读页。,仙侠｜幻想修仙。**粗题材**：穿越到怪诞仙侠世界后，被牛、仙女、婚约和矿坑生活一起推着走的轻怪诞修仙。,穿越到怪诞仙侠世界后，被牛、仙女、婚约和矿坑生活一起推着走的轻怪诞修仙。,说话的牛，偷衣的我，被迫成亲的仙女。看着这一切，刚刚穿越过来的江满感觉莫名的熟悉。,江满刚穿越，迎面就撞上一串很离谱的事：会说话的牛、偷衣服的自己、被迫成亲的仙女，整个世界既像神话又像怪谈。开局不是爽点砸脸，而是“这地方到底什么路数”的陌生感。主冲突在于江满一边摸清这个怪诞修仙世界的规则，一边被婚约、身份和各种外部事件推着往前走。**细标签**：怪诞仙侠｜牛会说话、仙女婚约设定明显｜高｜简介；穿越流｜“刚刚穿越过来的江满”直写｜高｜简介；轻喜感｜开场叙述带错愕和反差｜中｜书页。**一句话卖点**：开局气质很怪，很像把神话笑点和修仙世界缝到一起。,怪诞仙侠｜牛会说话、仙女婚约设定明显｜高｜简介；穿越流｜“刚刚穿越过来的江满”直写｜高｜简介；轻喜感｜开场叙述带错愕和反差｜中｜书页。**一句话卖点**：开局气质很怪，很像把神话笑点和修仙世界缝到一起。,开局气质很怪，很像把神话笑点和修仙世界缝到一起。,未见明显主书冲突。,,未知。,survey_not_ledger,deep_research,non_authoritative,w03_shallow50.md,2026-07-18T14:26:46+08:00
w03,ST-001,以一龙之力打倒整个世界！,起点中文网,唐宋元明氢,高,证据：起点条目、QQ阅读页。,轻小说。**粗题材**：转生成龙，在强敌遍地的异世界靠龙躯和进化一路碾过去。,转生成龙，在强敌遍地的异世界靠龙躯和进化一路碾过去。,钢铁为鳞，烈焰铸骨。红龙和铁龙的血脉在我体内交织融合……若整个世界与我为敌，我便以一龙之力燃烧这个世界，然后统治它的灰烬。,主角一上来就不是人，是龙，而且还是红龙与铁龙血脉混融的强力模板。开局核心不是“入门修炼”，而是“怎么以龙的身份在异界站稳并持续进化”。主冲突很直白：天生强，但敌人和世界规则也硬，于是故事一路围着成长、猎杀、进化和征服展开，调性偏中二热血。**细标签**：转生成龙｜龙躯血脉直接写明｜高｜简介；异世界升级｜“整个世界与我为敌”是典型推进框架｜高｜简介；轻小说中二燃｜书名和简介都很强攻姿态｜高｜书页。**一句话卖点**：龙傲天，而且是真的龙。,转生成龙｜龙躯血脉直接写明｜高｜简介；异世界升级｜“整个世界与我为敌”是典型推进框架｜高｜简介；轻小说中二燃｜书名和简介都很强攻姿态｜高｜书页。**一句话卖点**：龙傲天，而且是真的龙。,龙傲天，而且是真的龙。,未见明显主书冲突。,,未知。,survey_not_ledger,deep_research,non_authoritative,w03_shallow50.md,2026-07-18T14:26:46+08:00
w03,ST-001,以神通之名,起点中文网,猪心虾仁,高,证据：起点条目、QQ阅读衍生页。,都市。**粗题材**：大灾变后的末世都市超凡文，主角在仅存的人类秩序里以“神通”体系行动。,大灾变后的末世都市超凡文，主角在仅存的人类秩序里以“神通”体系行动。,农历3230年大灾变爆发，人类从世界霸主位置跌落，神州成为人类最后的自留地。3255年，武侯陆昭正在接受调查……,这本不是传统现代都市，而是灾变后的超凡秩序社会。开局世界已经坏过一轮，人类只剩最后的安全区，主角陆昭则是个够级别、也够危险的人物，故事从“接受调查”切进去，悬念感挺强。主冲突不是单纯升级，而是超凡者、秩序、权力和灾后世界怎么重新分配位置。**细标签**：末世秩序流｜大灾变后的人类残存秩序｜高｜简介；都市超凡｜频道是都市，核心是神通体系｜高｜书页；调查切入｜主线从“陆昭被查”展开｜中｜简介。**一句话卖点**：灾变末世壳子里塞了超凡政治感。,末世秩序流｜大灾变后的人类残存秩序｜高｜简介；都市超凡｜频道是都市，核心是神通体系｜高｜书页；调查切入｜主线从“陆昭被查”展开｜中｜简介。**一句话卖点**：灾变末世壳子里塞了超凡政治感。,灾变末世壳子里塞了超凡政治感。,未见明显主书冲突。,,未知。,survey_not_ledger,deep_research,non_authoritative,w03_shallow50.md,2026-07-18T14:26:46+08:00
w03,ST-001,你一个德鲁伊跑去修仙？,起点中文网,白狐不是大叔,高,证据：起点条目、QQ阅读页。,仙侠。**粗题材**：把西幻德鲁伊能力塞进修仙世界的跨体系种田御兽文。,把西幻德鲁伊能力塞进修仙世界的跨体系种田御兽文。,事件：你穿越仙侠世界……德鲁伊+修仙+种田+御兽。,主角不是传统灵根修士路线，而是带着“德鲁伊”这套偏自然、植物、动物系的能力跑进修仙世界。开局的看点就在错位感：别人炼丹画符，他更像在摸道场、灵植、御兽和自然循环。主冲突是异体系能力怎么在本土修仙规则里落地，以及主角能不能靠这套不一样的路子从底层慢慢做大。**细标签**：跨体系修仙｜德鲁伊能力和修仙世界硬碰｜高｜书页；种田流｜官方直接带“种田”标签｜高｜书页；御兽｜官方直接带“御兽”标签｜高｜书页。**一句话卖点**：西幻职业错位进仙侠，噱头和路子都比较新。,跨体系修仙｜德鲁伊能力和修仙世界硬碰｜高｜书页；种田流｜官方直接带“种田”标签｜高｜书页；御兽｜官方直接带“御兽”标签｜高｜书页。**一句话卖点**：西幻职业错位进仙侠，噱头和路子都比较新。,西幻职业错位进仙侠，噱头和路子都比较新。,未见明显主书冲突。,,未知。,survey_not_ledger,deep_research,non_authoritative,w03_shallow50.md,2026-07-18T14:26:46+08:00
w03,ST-001,你一美警，老想着回东方干啥玩意,起点中文网,ht142,高,证据：起点条目、QQ阅读页。,都市｜都市生活。**粗题材**：在美国当警察的主角，一边办案一边对“东方生活”强烈回望的反差都市文。,在美国当警察的主角，一边办案一边对“东方生活”强烈回望的反差都市文。,你说什么？里昂·万斯那家伙到了东联？！……他想回家，想回那个半夜两点能撸串……的东方。好在，他带着执法正义强化系统……,主角里昂·万斯表面上是美国警界精英，实际上心态完全不在“美国梦”那套上。他体验完治安、税负、医疗和街头破事之后，满脑子都是“我想回东方”。故事开局就是这种强烈反差：人设在美国，情感和价值判断却不断往东边拽。主冲突是他如何靠执法系统在当地往上爬，同时寻找真正能回去的路。**细标签**：美警职业文｜主角身份是巡警/警界之星｜高｜简介；系统流｜有“执法正义强化系统”｜高｜简介；逆向海归心态｜强烈东方回望是主钩子｜高｜简介。**一句话卖点**：不是“润出去”，是“在外头越混越想回家”。,美警职业文｜主角身份是巡警/警界之星｜高｜简介；系统流｜有“执法正义强化系统”｜高｜简介；逆向海归心态｜强烈东方回望是主钩子｜高｜简介。**一句话卖点**：不是“润出去”，是“在外头越混越想回家”。,不是“润出去”，是“在外头越混越想回家”。,未见明显主书冲突。,,未知。,survey_not_ledger,deep_research,non_authoritative,w03_shallow50.md,2026-07-18T14:26:46+08:00
w03,ST-001,你们修仙，我种田,起点中文网,朝闻道,高,证据：起点条目、QQ阅读页。,仙侠｜幻想修仙。**粗题材**：底层灵植师靠种田收获随机奖励，在修仙界稳稳过日子的种田修仙。,底层灵植师靠种田收获随机奖励，在修仙界稳稳过日子的种田修仙。,陆玄一觉醒来，成为散修坊市里一名普通灵植师……每有灵植成熟，自己便能得到额外奖励……“我只想安安静静的种田。”,陆玄开局就是修仙界底层灵植师，守着几亩灵田过日子。好消息是他种的东西一成熟就能爆额外奖励，坏消息是他本人还是很脆，所以思路很明确：不乱跑，不乱打，先把田种好。主冲突不是争霸，而是“在危险修仙界里，怎么用种田这条路把资源和安全慢慢滚出来”。**细标签**：种田流｜灵田与灵植成熟奖励是核心玩法｜高｜简介；奖励流｜收获即奖励｜高｜简介；稳健苟修｜明确“不想斗法，只想种田”｜高｜简介。**一句话卖点**：很纯的“修仙版开心农场，但真能变强”。,种田流｜灵田与灵植成熟奖励是核心玩法｜高｜简介；奖励流｜收获即奖励｜高｜简介；稳健苟修｜明确“不想斗法，只想种田”｜高｜简介。**一句话卖点**：很纯的“修仙版开心农场，但真能变强”。,很纯的“修仙版开心农场，但真能变强”。,未见明显主书冲突。,,未知。,survey_not_ledger,deep_research,non_authoritative,w03_shallow50.md,2026-07-18T14:26:46+08:00
w03,ST-001,你太丑了我拒绝,晋江文学城,吃口阿辞,高,证据：晋江作品页、作者专栏。,原创-纯爱-古色古香-仙侠。**粗题材**：仙侠背景下的年下纯爱，带灵异神怪和轻松调调。,仙侠背景下的年下纯爱，带灵异神怪和轻松调调。,作品页可见为“年下｜灵异神怪｜甜文｜东方玄幻｜轻松”，主角为云采夜、烛渊。,从公开页能看出这是古风仙侠底子的纯爱文，主角一方叫云采夜，另一方叫烛渊，且“丑拒”就是核心关系梗。开局更像人物关系先立起来：一边嫌弃，一边又被迫继续接触，故事在仙侠世界里边走边谈。主冲突不是打怪升级，而是两人关系怎么从排斥、试探，走到真正捆在一起。**细标签**：纯爱｜频道直接标纯爱｜高｜书页；年下｜作品页直标｜高｜书页；仙侠恋爱｜“古色古香-仙侠”明确｜高｜书页。**一句话卖点**：标题很闹，但底子其实是晋江常见的轻松仙侠感情线。,纯爱｜频道直接标纯爱｜高｜书页；年下｜作品页直标｜高｜书页；仙侠恋爱｜“古色古香-仙侠”明确｜高｜书页。**一句话卖点**：标题很闹，但底子其实是晋江常见的轻松仙侠感情线。,标题很闹，但底子其实是晋江常见的轻松仙侠感情线。,未见明显同名主书冲突。,,未知。,survey_not_ledger,deep_research,non_authoritative,w03_shallow50.md,2026-07-18T14:26:46+08:00
w03,ST-001,你当律师，把法官送进去了？,起点中文网,大风雾,高,证据：起点条目、QQ阅读页。,都市。**粗题材**：平行世界高胜率律师文，主角靠极限操作把司法战打成爽文。,平行世界高胜率律师文，主角靠极限操作把司法战打成爽文。,本书又名《法外大律师》《千胜律师》。苏白作为一名胜率高达百分之九十九的律师穿越到了平行世界……,苏白开局就是个很能打的律师，而且还不是菜鸟成长线，是带着超高胜率模板进平行世界。故事的爽点在于“法律实务+极限反杀”：别人打官司求自保，他打到能把对面甚至法庭环节里有问题的人都拉下来。主冲突就是一桩桩案子里，法律技巧、程序博弈和制度漏洞之间谁更硬。**细标签**：律师行业文｜主角身份明确｜高｜简介；平行世界｜简介直写｜高｜简介；法庭反杀爽文｜别名和书名都点明风格｜高｜书页。**一句话卖点**：行业文里很典型的“职业专业感 + 爽点外放”。,律师行业文｜主角身份明确｜高｜简介；平行世界｜简介直写｜高｜简介；法庭反杀爽文｜别名和书名都点明风格｜高｜书页。**一句话卖点**：行业文里很典型的“职业专业感 + 爽点外放”。,行业文里很典型的“职业专业感 + 爽点外放”。,未见明显主书冲突。,,未知。,survey_not_ledger,deep_research,non_authoritative,w03_shallow50.md,2026-07-18T14:26:46+08:00
w03,ST-001,你当过魔女吗，吃我火球术吧！,起点中文网,一只污笔,高,证据：起点条目、QQ资源页。,奇幻｜剑与魔法。**粗题材**：转生西幻世界，从破木屋起步的魔法冒险轻喜文。,转生西幻世界，从破木屋起步的魔法冒险轻喜文。,转生到奇幻魔法世界的多萝茜，开局一间破木屋。为了美好的异世界生活，她决定高举手中的火球术，为这个世界献上自己的祝福。,多萝茜转生到典型剑与魔法世界，起手资源很差，只有破木屋和基础魔法，但她的目标非常朴素：先把日子过起来。标题听着像嘴炮喜剧，正文开局其实是标准异世界生存流，往后才一点点铺冒险、伙伴和更大的世界。主冲突是穷开局怎么靠魔法和行动力把生活与战斗都撑起来。**细标签**：西幻冒险｜“剑与魔法”频道明确｜高｜书页；异世界转生｜官方简介直写｜高｜简介；轻喜感｜标题和对话体简介都很闹｜高｜简介。**一句话卖点**：嘴上火球术，底子是很标准的异世界起家文。,西幻冒险｜“剑与魔法”频道明确｜高｜书页；异世界转生｜官方简介直写｜高｜简介；轻喜感｜标题和对话体简介都很闹｜高｜简介。**一句话卖点**：嘴上火球术，底子是很标准的异世界起家文。,嘴上火球术，底子是很标准的异世界起家文。,未见明显主书冲突。,,未知。,survey_not_ledger,deep_research,non_authoritative,w03_shallow50.md,2026-07-18T14:26:46+08:00
w03,ST-001,佣兵的战争,起点中文网,如水意,高,证据：起点条目、起点搜索页。,都市。**粗题材**：军迷误入非洲佣兵圈后，在枪口底下把自己活成职业佣兵的战争文。,军迷误入非洲佣兵圈后，在枪口底下把自己活成职业佣兵的战争文。,高扬是一个军迷，一个很普通的军迷……一次意外，高扬跑去了非洲，结果不幸遇到了空难，侥幸活命，却从此只能在枪口下混饭吃了。,高扬本来只是爱枪爱刀的普通军迷，结果跑去非洲后遇上空难，命虽然捡回来了，可也被扔进了真正的战场边缘。从这儿开始，故事不再是幻想战争，而是“怎么在雇佣兵生态里活下去”。主冲突很硬：战场、任务、同伴、金钱和生死压力一层层上来，人也从旁观者变成局中人。**细标签**：现代战争｜非洲佣兵战场开局明确｜高｜简介；军事硬派｜军迷入局、枪口讨生活｜高｜简介；团队任务流｜佣兵文天然依赖小队和任务｜中｜书页。**一句话卖点**：军迷视角进入真战场的代入感一直很强。,现代战争｜非洲佣兵战场开局明确｜高｜简介；军事硬派｜军迷入局、枪口讨生活｜高｜简介；团队任务流｜佣兵文天然依赖小队和任务｜中｜书页。**一句话卖点**：军迷视角进入真战场的代入感一直很强。,军迷视角进入真战场的代入感一直很强。,未见明显主书冲突。,,未知。,survey_not_ledger,deep_research,non_authoritative,w03_shallow50.md,2026-07-18T14:26:46+08:00
w03,ST-001,修仙从分家开始,起点中文网,竹杓小山,高,证据：起点条目、QQ阅读页。,仙侠｜幻想修仙。**粗题材**：家族修仙里从“分家”这个现实切口起步的草根线。,家族修仙里从“分家”这个现实切口起步的草根线。,穿越到修仙家族，易东重活一世，只想带着祖母、母亲、妹妹安稳修行，问道长生……岂料一次分家，彻底改变了他的命运。,易东不是宗门天骄模板，而是落在修仙家族内部的普通人处境里。故事从“分家”这个很接地气的节点切入，一下就把资源、亲缘和前途全拉进冲突里。开局核心不是大奇遇，而是家里人怎么活、怎么修、怎么不被分出去就掉队。主冲突就是草根家庭在修仙家族秩序里求活和翻身。**细标签**：家族修仙｜家族出身与分家事件明确｜高｜简介；凡人流｜安稳修行、慢慢攒资源｜高｜简介；亲缘责任线｜祖母、母亲、妹妹都是目标对象｜高｜简介。**一句话卖点**：把家族修仙里最现实的“分家”切口写成起跑线。,家族修仙｜家族出身与分家事件明确｜高｜简介；凡人流｜安稳修行、慢慢攒资源｜高｜简介；亲缘责任线｜祖母、母亲、妹妹都是目标对象｜高｜简介。**一句话卖点**：把家族修仙里最现实的“分家”切口写成起跑线。,把家族修仙里最现实的“分家”切口写成起跑线。,未见明显主书冲突。,,未知。,survey_not_ledger,deep_research,non_authoritative,w03_shallow50.md,2026-07-18T14:26:46+08:00
w03,ST-001,修仙从收获开始,起点中文网,一寸行远,高,证据：起点条目、QQ阅读页。,仙侠｜修真文明。**粗题材**：靠“收获”触发反馈的资源经营型修仙。,靠“收获”触发反馈的资源经营型修仙。,付出必有收获。每一次收获……都是修仙底蕴的增强。,书名就很老实，核心机制也老实：主角不是一夜暴富型机缘，而是靠一次次收获把修行底子垫起来。开局大概率仍是底层修士或小人物位置，先从能掌控的小资源、小收益做起，然后慢慢滚成大优势。主冲突是修仙世界资源稀缺、风险又高，主角怎么凭“收获”机制把积累做成壁垒。**细标签**：经营修仙｜“收获”是力量增长核心｜高｜简介；稳扎稳打｜底蕴增强而非一步登天｜高｜简介；资源流｜成长靠持续回收与积累｜中｜书页。**一句话卖点**：这类书看点不在爆发，在滚雪球。,经营修仙｜“收获”是力量增长核心｜高｜简介；稳扎稳打｜底蕴增强而非一步登天｜高｜简介；资源流｜成长靠持续回收与积累｜中｜书页。**一句话卖点**：这类书看点不在爆发，在滚雪球。,这类书看点不在爆发，在滚雪球。,未见明显主书冲突。,,未知。,survey_not_ledger,deep_research,non_authoritative,w03_shallow50.md,2026-07-18T14:26:46+08:00
w03,ST-001,修仙从返老还童开始,起点中文网,中华聚宝盆,高,证据：起点条目、QQ阅读页。,仙侠｜修真文明。**粗题材**：老年修士返老还童后重走仙路的二周目修仙。,老年修士返老还童后重走仙路的二周目修仙。,每到气血大限之年，他的身体便会返老还童，重回青春……从此开启漫长又不一样的修仙路。,这本最抓人的地方是“老了再年轻一次”。主角不是少年起步，而是带着衰老、寿命和过往经验面对仙路，然后在气血将尽时突然返老还童。开局既有老修士的成熟，也有重新来过的机会。主冲突就是他怎么把上一轮没走成的路、没吃完的亏，在新的身体和新的时间窗口里补回来。**细标签**：返老还童｜核心设定明确｜高｜简介；重走仙路｜二周目感很强｜高｜简介；寿元压力｜“气血大限之年”是主要驱动力｜高｜简介。**一句话卖点**：重生文常见，老登重开不常见。,返老还童｜核心设定明确｜高｜简介；重走仙路｜二周目感很强｜高｜简介；寿元压力｜“气血大限之年”是主要驱动力｜高｜简介。**一句话卖点**：重生文常见，老登重开不常见。,重生文常见，老登重开不常见。,未见明显主书冲突。,,未知。,survey_not_ledger,deep_research,non_authoritative,w03_shallow50.md,2026-07-18T14:26:46+08:00
w03,ST-001,修仙保命指北,起点中文网,赵从,高,证据：起点条目、QQ阅读页。,仙侠奇缘。**粗题材**：倒霉女主进了垫底门派后，一路在修仙界摸索保命法则。,倒霉女主进了垫底门派后，一路在修仙界摸索保命法则。,多年后，魏西立在山门，还会想起锡州大旱那年她是如何连滚带爬加入了……谁家好人从进门派就开始遇见各种要命的事呀！,魏西的修仙开局不是天赋逆天，而是倒霉透顶。她在大旱那年加入门派，结果进门之后碰到的全是要命的事，保命反而成了第一修炼目标。说白了，这本书不是“我来修仙我要飞升”，而是“我先别死”。主冲突就是一个底层女修怎么在坏运气、烂队友和危险环境里硬撑出经验值。**细标签**：女主修仙｜频道与主角都明确｜高｜书页；保命流｜书名和剧情核心一致｜高｜简介；倒霉体质｜多次强调“各种要命的事”｜高｜简介。**一句话卖点**：很像“修仙世界生存手册”。,女主修仙｜频道与主角都明确｜高｜书页；保命流｜书名和剧情核心一致｜高｜简介；倒霉体质｜多次强调“各种要命的事”｜高｜简介。**一句话卖点**：很像“修仙世界生存手册”。,很像“修仙世界生存手册”。,未见明显主书冲突。,,未知。,survey_not_ledger,deep_research,non_authoritative,w03_shallow50.md,2026-07-18T14:26:46+08:00
w03,ST-001,修仙百年，前任都成了天命之女,平台与作者本轮未抓稳,中,中,平台与作者本轮未抓稳｜中｜证据：本轮能定位到同名连载痕迹，但未拿到稳定原发页，需认亲。,未知。**粗题材**：明显带“修仙+前任修罗场/旧情线回收”的关系向修仙文。,明显带“修仙+前任修罗场/旧情线回收”的关系向修仙文。,缺官方简介。,从题名判断，主角大概率已经修了很多年，过去情史不止一段，结果这些前任后来一个个都成了天命之女。开局的戏眼不在练气筑基，而在主角重新面对旧人、旧债和旧关系。主冲突多半是感情账、身份账和时代变化一起追上门，主角没法再只顾闭关。**细标签**：修罗场修仙｜“前任都成了天命之女”关系冲突很强｜中｜仅题名；修仙长生背景｜“修仙百年”明确时间跨度｜中｜仅题名；需认亲｜缺原发页不能把设定写死｜高｜书页缺失。,修罗场修仙｜“前任都成了天命之女”关系冲突很强｜中｜仅题名；修仙长生背景｜“修仙百年”明确时间跨度｜中｜仅题名；需认亲｜缺原发页不能把设定写死｜高｜书页缺失。,标题一眼就是“感情旧账追上门”的路数。,原发页未稳定位，需二次认亲。,Y,未知。,survey_not_ledger,deep_research,non_authoritative,w03_shallow50.md,2026-07-18T14:26:46+08:00
w03,ST-001,修仙，我能穿越异世界,平台与作者本轮未抓稳,中,中,平台与作者本轮未抓稳｜中｜证据：本轮能见到同名连载痕迹，但原发页未稳定抓取，需认亲。,未知。**粗题材**：两界/多界穿梭型修仙。,两界/多界穿梭型修仙。,缺官方简介。,题名已经把机制说得很直：主角在修仙世界混，同时还能去另一个世界。开局核心通常不是单世界修炼，而是怎么把两个世界的资源、知识、时间差和危险差利用起来。主冲突多半在“穿过去能拿到什么，穿回来会惹出什么”，以及双世界规则会不会互相卡脖子。**细标签**：两界穿梭｜题名直给｜中｜仅题名；资源差套利｜穿越异世界通常围绕信息差展开｜低｜仅题名；需认亲｜原发页未稳定位｜高｜书页缺失。,两界穿梭｜题名直给｜中｜仅题名；资源差套利｜穿越异世界通常围绕信息差展开｜低｜仅题名；需认亲｜原发页未稳定位｜高｜书页缺失。,双世界玩法天生自带信息差爽点。,原发页未稳定位，需二次认亲。,Y,未知。,survey_not_ledger,deep_research,non_authoritative,w03_shallow50.md,2026-07-18T14:26:46+08:00
w03,ST-001,修仙：开局从药童开始,起点中文网,大乘尊者,高,证据：起点条目、QQ阅读页。,仙侠｜幻想修仙。**粗题材**：从修仙世界最底层药童一步步往上爬的典型凡人流。,从修仙世界最底层药童一步步往上爬的典型凡人流。,腹黑，智商在线。穿越修仙界，成为最底层的药童，靠着熟练面板一步步修行。,主角开局就是药童，地位极低，几乎没有犯错成本。好处是有熟练面板，能把看似琐碎的活一点点磨成修行资本。故事的好看处就在这种“看起来不起眼，但一直在涨”的节奏里。主冲突是底层身份天然被压榨，主角得一边保命、一边偷着把自己练上去。**细标签**：药童开局｜身份非常明确｜高｜书页；熟练度面板｜成长机制明确｜高｜简介；凡人流｜低起点慢发育很典型｜高｜简介。**一句话卖点**：很正的底层起家修仙。,药童开局｜身份非常明确｜高｜书页；熟练度面板｜成长机制明确｜高｜简介；凡人流｜低起点慢发育很典型｜高｜简介。**一句话卖点**：很正的底层起家修仙。,很正的底层起家修仙。,未见明显主书冲突。,,未知。,survey_not_ledger,deep_research,non_authoritative,w03_shallow50.md,2026-07-18T14:26:46+08:00
w03,ST-001,修仙：开局觉醒转嫁词条,起点中文网,刘季一万钱,高,证据：起点条目、QQ阅读页。,仙侠。**粗题材**：坊市散修拿到“词条转嫁”能力后，靠熟练度搬运和资源经营逆袭。,坊市散修拿到“词条转嫁”能力后，靠熟练度搬运和资源经营逆袭。,秦明穿越坊市散修，睁眼便面临被逐出坊市的窘境……所幸，他觉醒了词条面板。每破瓶颈，必触发选择。,秦明一醒来就不是宗门弟子，而是快被坊市踢出去的散修，先天环境很差。翻盘点在于“转嫁词条”：他能把熟练度和成长收益重新分配，硬把边角料时间用成主线资源。主冲突就是底层散修没靠山、资源贵、容错低，主角怎么用面板把烂开局掰成可持续发育局。**细标签**：散修流｜坊市散修开局明确｜高｜简介；词条系统｜能力核心就是词条转嫁｜高｜简介；熟练度经营｜正文页可见熟练度面板｜高｜书页。**一句话卖点**：不是送外挂暴打，而是送你一个很会算账的外挂。,散修流｜坊市散修开局明确｜高｜简介；词条系统｜能力核心就是词条转嫁｜高｜简介；熟练度经营｜正文页可见熟练度面板｜高｜书页。**一句话卖点**：不是送外挂暴打，而是送你一个很会算账的外挂。,不是送外挂暴打，而是送你一个很会算账的外挂。,未见明显主书冲突。,,未知。,survey_not_ledger,deep_research,non_authoritative,w03_shallow50.md,2026-07-18T14:26:46+08:00
w03,ST-001,修仙：当你把事情做到极致,起点中文网,忘记穿马甲,高,证据：起点条目、QQ阅读页。,仙侠。**粗题材**：强调“把一件事做到极致”这套方法论的技艺/修行成长文。,强调“把一件事做到极致”这套方法论的技艺/修行成长文。,诸天文，两界文，次修仙穿越修仙界，身在最底层……当你把事情做到极致，便可化腐朽为神奇。,主角不是那种先天就炸裂的人，反而更强调“底层起步+技能拉满”。开局多半处在资源很差的位置，但他能靠把某件小事做到极致，不断撬出更大的结果。主冲突也因此偏方法论：别人比天赋、比门路，他靠细节、重复和极致熟练度慢慢反超。**细标签**：底层起步｜官方明确“身在最底层”｜高｜简介；技艺修仙｜极致做事就是成长逻辑｜高｜简介；两界/诸天元素｜页面可见相关标签｜中｜书页。**一句话卖点**：把“工匠式升级”写成修仙主线。,底层起步｜官方明确“身在最底层”｜高｜简介；技艺修仙｜极致做事就是成长逻辑｜高｜简介；两界/诸天元素｜页面可见相关标签｜中｜书页。**一句话卖点**：把“工匠式升级”写成修仙主线。,把“工匠式升级”写成修仙主线。,标题与页面展示过《无限神职》跳转痕迹，但内容认亲基本明确。,,未知。,survey_not_ledger,deep_research,non_authoritative,w03_shallow50.md,2026-07-18T14:26:46+08:00
w03,ST-001,修仙：我在现代留过学,起点中文网,脑袋大又秃,高,证据：起点条目、QQ阅读页。,仙侠｜修真文明。**粗题材**：把现代科学方法硬塞进修仙研究和教育体系的修仙文。,把现代科学方法硬塞进修仙研究和教育体系的修仙文。,如同核武器只是科学的副产物一样，长生也不过是道途求索中的小小馈赠……《符篆中的拓扑学》《九转金丹元素分解》……,这本最有辨识度的点不是境界，而是思路。主角或主线人物把现代学术、工程、分解、论文这些东西带进修仙体系里，于是修仙不只是玄乎其玄，而像一套能研究、能教学、能迭代的方法论。主冲突就是旧修仙秩序和新方法之间会怎么撞，以及这种“理工式修仙”到底能走多远。**细标签**：现代知识入修仙｜题名和简介都在强调｜高｜简介；修仙科研流｜论文、分解、拓扑这些词特别明确｜高｜简介；体系革新｜“新法道祖”指向方法革命｜高｜简介。**一句话卖点**：你可以直接理解成“修仙界的科研院所文”。,现代知识入修仙｜题名和简介都在强调｜高｜简介；修仙科研流｜论文、分解、拓扑这些词特别明确｜高｜简介；体系革新｜“新法道祖”指向方法革命｜高｜简介。**一句话卖点**：你可以直接理解成“修仙界的科研院所文”。,你可以直接理解成“修仙界的科研院所文”。,未见明显主书冲突。,,未知。,survey_not_ledger,deep_research,non_authoritative,w03_shallow50.md,2026-07-18T14:26:46+08:00
w03,ST-001,修真聊天群（聊天群的日常生活）,起点中文网,圣骑士的传说,高,证据：起点条目、QQ阅读页。,仙侠。**粗题材**：现代普通人误入修真聊天群后，被群友和现实一起推着修仙的日常搞笑文。,现代普通人误入修真聊天群后，被群友和现实一起推着修仙的日常搞笑文。,某天，宋书航意外加入了一个仙侠中二病资深患者的交流群……后来他发现，群里的每一位群友，竟然全都是真正的修真者。,宋书航一开始只是误入看起来像中二群聊的聊天群，结果越聊越不对，最后确认大家都是真修士。开局特别生活流：群消息、段子、误会、围观，然后一点点把主角拖进真正的修真世界。主冲突在于普通人视角和超凡世界不断碰撞，日常笑点和升级线并行。**细标签**：聊天群｜核心结构就是群聊｜高｜简介；现代修真｜现实生活与修真并线｜高｜简介；搞笑日常｜标题别名已点明“日常生活”｜高｜书页。**一句话卖点**：聊天群文里最有代表性的那一路。,聊天群｜核心结构就是群聊｜高｜简介；现代修真｜现实生活与修真并线｜高｜简介；搞笑日常｜标题别名已点明“日常生活”｜高｜书页。**一句话卖点**：聊天群文里最有代表性的那一路。,聊天群文里最有代表性的那一路。,别名口径为“聊天群的日常生活”，认亲明确。,,未知。,survey_not_ledger,deep_research,non_authoritative,w03_shallow50.md,2026-07-18T14:26:46+08:00
w03,ST-001,修行从役使六丁六甲开始,起点中文网,两手并用,高,证据：起点条目、QQ阅读页。,仙侠｜幻想修仙。**粗题材**：带道门护法神设定的志怪修行文。,带道门护法神设定的志怪修行文。,修行大世，邪祟遍地；神通碰撞，道法万千。徐清这一世生来仙人命，伴有六丁六甲十二尊本命护法神灵随同降生……,徐清开局就比别人多一手底牌：伴生六丁六甲护法神灵，但他落点并不高，还是从村镇、税吏、底层日子里一点点往上爬。故事一边有道门法脉、妖邪志怪，一边保留很强的人间烟火和现实压迫感。主冲突是乱世修行里，主角怎么把“生来有命”真正熬成“走到顶峰”。**细标签**：道门修行｜六丁六甲是核心神灵体系｜高｜简介；志怪乱世｜“邪祟遍地”定了世界气质｜高｜简介；伴生护法神｜主角天生设定明确｜高｜简介。**一句话卖点**：味道很足的道门志怪修仙。,道门修行｜六丁六甲是核心神灵体系｜高｜简介；志怪乱世｜“邪祟遍地”定了世界气质｜高｜简介；伴生护法神｜主角天生设定明确｜高｜简介。**一句话卖点**：味道很足的道门志怪修仙。,味道很足的道门志怪修仙。,未见明显主书冲突。,,未知。,survey_not_ledger,deep_research,non_authoritative,w03_shallow50.md,2026-07-18T14:26:46+08:00
w03,ST-001,倾城欢,平台未稳定位,作者未稳定位,低,证据：本轮只抓到零散“卷名/作者名/相关词”痕迹，没拿到可直接认亲的原发书页。,未知。**粗题材**：大概率是古言/宫廷感较强的情感向作品。,大概率是古言/宫廷感较强的情感向作品。,缺官方简介。,公开检索里没拿到能直接对上《倾城欢》的独立原发页，只看到一些卷名和关联词，说明它至少存在认亲噪声。按现有线索看，它大概率是古风言情路线：开局多半围着女主进入都城、宫宴或权势场，遇到关键人物后卷进情爱和局势。主冲突很可能是“情”和“局”一起拽人，但具体人物关系不敢写死。**细标签**：古言倾向｜题名和残存卷名气质明显｜低｜仅题名；情感主驱动｜“欢”字和古风题法很像言情向｜低｜仅题名；需认亲｜目前书页不稳｜高｜书页缺失。,古言倾向｜题名和残存卷名气质明显｜低｜仅题名；情感主驱动｜“欢”字和古风题法很像言情向｜低｜仅题名；需认亲｜目前书页不稳｜高｜书页缺失。,书名是典型古风情感题。,没找到可直接认亲的独立原发书页。,,未知。,survey_not_ledger,deep_research,non_authoritative,w03_shallow50.md,2026-07-18T14:26:46+08:00
w03,ST-001,偷天大运,起点中文网,不见谚语,高,证据：起点条目、起点分类页。,仙侠。**粗题材**：靠“偷气运”这件事做文章的气运流修仙。,靠“偷气运”这件事做文章的气运流修仙。,凡间帝王尚需气运加身，逆天而行的修士更需要大气运。紫东别无所长，他只会偷天道点气运。,紫东的核心能力不是打架、炼丹，而是偷气运。这个设定一下就把故事拉偏了：别人争资源、争法宝，他更像在偷“看不见但最值钱的东西”。开局就等于主角带着一个很容易惹祸的大能力进场，主冲突自然也围绕因果、反噬、强者觊觎和气运争夺来展开。**细标签**：气运流｜偷天道气运直给｜高｜简介；金手指强设定｜能力辨识度极高｜高｜简介；修仙爽文｜能力方向决定推进很快｜中｜书页。**一句话卖点**：偷的不是宝，是运。,气运流｜偷天道气运直给｜高｜简介；金手指强设定｜能力辨识度极高｜高｜简介；修仙爽文｜能力方向决定推进很快｜中｜书页。**一句话卖点**：偷的不是宝，是运。,偷的不是宝，是运。,未见明显主书冲突。,,未知。,survey_not_ledger,deep_research,non_authoritative,w03_shallow50.md,2026-07-18T14:26:46+08:00
w03,ST-001,傻柱重生四合院：从敲闷棍开始,平台未稳定位,作者未稳定位,低,证据：本轮仅抓到转载目录和第三方剧情摘录，未抓到原发页。,未知。**粗题材**：四合院同人/重生改命。,四合院同人/重生改命。,缺官方简介。,从现有转载简介看，主角是“傻柱”重生回到 1951 年，回来第一件事不是赚钱不是谈恋爱，而是先对院里那些坑人角色下手。开局戏路很明确：不是温吞日常，是报复、改命、抢资源和主动掌局。主冲突也围着四合院熟人社会展开——你不先动手，后面还是得被老一套关系网拿捏。**细标签**：四合院同人｜“傻柱”“四合院”都写死了｜中｜书评/转载页；重生复仇｜开局就带报复动作｜中｜书评/转载页；年代群像｜时间点指向五十年代院落生态｜中｜书评/转载页。,四合院同人｜“傻柱”“四合院”都写死了｜中｜书评/转载页；重生复仇｜开局就带报复动作｜中｜书评/转载页；年代群像｜时间点指向五十年代院落生态｜中｜书评/转载页。,傻柱要是回来后不忍了，会怎么拆局。,没抓到可靠原发页，需认亲。,,未知。,survey_not_ledger,deep_research,non_authoritative,w03_shallow50.md,2026-07-18T14:26:46+08:00
w03,ST-001,元始法则,起点中文网,飞天鱼,高,证据：起点条目、QQ书页。,玄幻。**粗题材**：大世界+微观世界并置的高概念玄幻。,大世界+微观世界并置的高概念玄幻。,星空中的“道城”，修行最初的萌芽之地“祖洲”……显微镜下——豆子般大小的佛祖舍利，宛若一颗浅红色星球……船上尸骨累累……,这本的开局是典型“大设定先砸你脸上”：宇宙、祖洲、天界、地府、微观世界全都往前排。很快又把镜头怼进佛祖舍利里的微型星球和搁浅青铜船，神秘感拉满。主冲突不是小人物种田，而是主角怎么进入这套巨大到离谱的世界结构里，摸清法则、活下来，再往更高层次走。**细标签**：高概念玄幻｜宏观宇宙和微观世界并列｜高｜简介；探索冒险｜青铜船、墓海碑林这些都是探秘钩子｜高｜简介；大世界观｜多个层级位面并置｜高｜简介。**一句话卖点**：设定党很容易上头。,高概念玄幻｜宏观宇宙和微观世界并列｜高｜简介；探索冒险｜青铜船、墓海碑林这些都是探秘钩子｜高｜简介；大世界观｜多个层级位面并置｜高｜简介。**一句话卖点**：设定党很容易上头。,设定党很容易上头。,未见明显主书冲突。,,未知。,survey_not_ledger,deep_research,non_authoritative,w03_shallow50.md,2026-07-18T14:26:46+08:00
w03,ST-001,光阴之外,起点中文网,耳根,高,证据：起点条目、目录页。,仙侠。**粗题材**：耳根系的黑暗成长修仙。,耳根系的黑暗成长修仙。,天地是万物众生的客舍，光阴是古往今来的过客。死生的差异，就好像梦与醒的不同。,从官方文案就能看出来，这本不是轻松路数，气质很冷。耳根常写那种人在残酷环境里一点点磨出来的成长，这本也偏这个方向：世界大、规则硬、生死距离近。开局更多是把人扔进无情秩序里，再看主角怎么在时间、命运和修行体系中找到自己的位置。**细标签**：黑暗修仙｜文案气质和作者风格都偏冷硬｜高｜书页；成长线重｜不是日常摆烂型｜中｜书页；大神作者作｜耳根署名明确｜高｜书页。**一句话卖点**：耳根味儿很正。,黑暗修仙｜文案气质和作者风格都偏冷硬｜高｜书页；成长线重｜不是日常摆烂型｜中｜书页；大神作者作｜耳根署名明确｜高｜书页。**一句话卖点**：耳根味儿很正。,耳根味儿很正。,未见明显主书冲突。,,未知。,survey_not_ledger,deep_research,non_authoritative,w03_shallow50.md,2026-07-18T14:26:46+08:00
w03,ST-001,全球贬值，我穿回来后带飞全家！,起点女生网,凛寒将至,高,证据：起点条目、QQ阅读页。,现代言情｜豪门世家。**粗题材**：全球金钱体系贬值设定下的家庭逆袭爽文。,全球金钱体系贬值设定下的家庭逆袭爽文。,“给你十块钱，离开我儿子！”沈慈：您没事吧？,这本核心不是重生本身，而是“全球贬值”这个设定会把日常消费、家庭地位和社会运行全换个算法。主角沈慈穿回来之后，不只是自己翻身，还要带着全家一起往上飞，所以故事重点落在家庭关系、钱的尺度变化和身份反转。主冲突就是一家人怎么借这个信息差和时代差改变命运。**细标签**：现代言情｜频道明确｜高｜书页；家庭逆袭｜题名直给“带飞全家”｜高｜书页；设定爽文｜全球贬值是核心奇观设定｜高｜书页。**一句话卖点**：很标准的“设定先行型”女频逆袭。,现代言情｜频道明确｜高｜书页；家庭逆袭｜题名直给“带飞全家”｜高｜书页；设定爽文｜全球贬值是核心奇观设定｜高｜书页。**一句话卖点**：很标准的“设定先行型”女频逆袭。,很标准的“设定先行型”女频逆袭。,未见明显主书冲突。,,未知。,survey_not_ledger,deep_research,non_authoritative,w03_shallow50.md,2026-07-18T14:26:46+08:00
w03,ST-001,公安局长之扫黑风暴,平台未稳定位,作者痕迹多指向南至,低,证据：本轮只抓到第三方整书页，未抓到可靠原发平台。,都市/现代都市为第三方页标注。**粗题材**：女公安局长空降黑恶县城，做扫黑与反保护伞。,女公安局长空降黑恶县城，做扫黑与反保护伞。,缺官方简介。,从现有外部简介看，高山县前三任县长接连出事，新任公安局长林英临危受命进场，一上来面对的就是黑恶势力、官商勾连和地方保护伞。开局是标准“空降+高压环境”模式，主角不是查一案，而是要硬碰整个地方利益网络。主冲突很清楚：她到底能不能在满县黑幕里把扫黑一路推到底。**细标签**：扫黑反腐｜简介主题很明确｜中｜书评/第三方书页；女强职场｜外部简介点到“女公安局长”｜中｜书评/第三方书页；官场犯罪线｜核心冲突是地方黑恶网络｜中｜书评/第三方书页。,扫黑反腐｜简介主题很明确｜中｜书评/第三方书页；女强职场｜外部简介点到“女公安局长”｜中｜书评/第三方书页；官场犯罪线｜核心冲突是地方黑恶网络｜中｜书评/第三方书页。,属于“空降硬人整顿地方”的直给路数。,没抓到原发平台；另有番茄《女局长高山县扫黑风暴》等近似题，不可混认。,,未知。,survey_not_ledger,deep_research,non_authoritative,w03_shallow50.md,2026-07-18T14:26:46+08:00
w03,ST-001,公若不弃，愿拜为义父,起点中文网,辣酱热干面,高,证据：起点条目、作者旧作动态页。,仙侠。**粗题材**：洪荒/封神/西游背景下，带强烈戏谑口吻的神话衍生修仙。,洪荒/封神/西游背景下，带强烈戏谑口吻的神话衍生修仙。,封神、西游为背景的洪荒世界，仙狐志怪传奇。,从文案能看出来，这本不是一本正经考据洪荒，而是拿洪荒、封神、西游的大框架做舞台，再往里塞仙狐志怪和作者自己的调侃劲儿。开局重点通常不是“我是谁我在哪”，而是主角如何在熟悉又被重写的神话世界里找位置。主冲突是神话大人物、旧秩序和个人求生之间怎么拧到一起。**细标签**：洪荒衍生｜背景写明封神/西游｜高｜简介；志怪传奇｜简介直写仙狐志怪｜高｜简介；戏谑文风｜题名本身就很玩梗｜中｜书页。**一句话卖点**：神话底子，口气却不端着。,洪荒衍生｜背景写明封神/西游｜高｜简介；志怪传奇｜简介直写仙狐志怪｜高｜简介；戏谑文风｜题名本身就很玩梗｜中｜书页。**一句话卖点**：神话底子，口气却不端着。,神话底子，口气却不端着。,标题和吕布典故强相关，但作品认亲明确。,,未知。,survey_not_ledger,deep_research,non_authoritative,w03_shallow50.md,2026-07-18T14:26:46+08:00
w03,ST-001,兰若仙缘,起点中文网,糖醋于,高,证据：起点条目、关联页。,仙侠。**粗题材**：佛门、蜀山剑、阴司令并列的古寺志怪修仙。,佛门、蜀山剑、阴司令并列的古寺志怪修仙。,千年老树随风摇，万载黑山静悄悄。枯骨砌佛寺，血水染皇城。修佛门法，练蜀山剑，掌阴司令。古寺兰若，诸天神魔……,这本一开口就是很浓的聊斋/志怪味。兰若古寺、黑山、佛寺枯骨这些意象一摆出来，你就知道不是清朗仙门生活，而是阴森世界里的修行路。主角多半要在这种人鬼神魔交错的环境里，兼修佛法、剑法和阴司权柄。主冲突是乱象世界里，怎么用不同法脉手段杀出路。**细标签**：志怪仙侠｜兰若、黑山、古寺风格很重｜高｜简介；佛剑双修倾向｜佛门法与蜀山剑同列｜高｜简介；阴司元素｜“掌阴司令”很明确｜高｜简介。**一句话卖点**：聊斋气、黑山气、修仙气混得很顺。,志怪仙侠｜兰若、黑山、古寺风格很重｜高｜简介；佛剑双修倾向｜佛门法与蜀山剑同列｜高｜简介；阴司元素｜“掌阴司令”很明确｜高｜简介。**一句话卖点**：聊斋气、黑山气、修仙气混得很顺。,聊斋气、黑山气、修仙气混得很顺。,未见明显主书冲突。,,未知。,survey_not_ledger,deep_research,non_authoritative,w03_shallow50.md,2026-07-18T14:26:46+08:00
w03,ST-001,兵者,作者大概率为七品，平台本轮未抓稳,中,中,作者大概率为七品，平台本轮未抓稳｜中｜证据：中国作协报道确认七品有《兵者》；原发书页本轮未稳定抓到。,未知。**粗题材**：现代军事/军旅题材可能性极高。,现代军事/军旅题材可能性极高。,缺官方简介。,从作者脉络看，《兵者》大概率延续七品擅长的现代军旅叙事：开局多半是军中人物或极接近军队系统的人，被扔进高压训练、任务或者战场边缘，再靠意志和执行力往里打。主冲突应该仍是“人如何成为兵，兵又如何扛住任务与牺牲”。但因为原发页没抓稳，人物和事件我不敢写死。**细标签**：军旅文｜七品创作脉络强支撑｜中｜书评；热血成长｜作者风格就是这一路｜中｜书评；需认亲｜缺原发页｜高｜书页缺失。,军旅文｜七品创作脉络强支撑｜中｜书评；热血成长｜作者风格就是这一路｜中｜书评；需认亲｜缺原发页｜高｜书页缺失。,如果认亲无误，这就是典型七品军旅线。,原发平台页本轮未稳定位，需认亲。,Y,未知。,survey_not_ledger,deep_research,non_authoritative,w03_shallow50.md,2026-07-18T14:26:46+08:00
w03,ST-001,养尸为祸,平台未知,作者未知,低,证据：本轮未抓到可用原发页。,未知。**粗题材**：灵异/邪术/养尸方向的悬疑惊悚文。,灵异/邪术/养尸方向的悬疑惊悚文。,缺官方简介。,从题名判断，这本大概率是灵异悬疑路子：主角不是主动修正道，而是被卷进养尸、尸变、邪法或墓局一类事情里。开局看着像一桩怪事，越往后越可能发现背后有人故意“养尸为祸”。主冲突多半是主角先保命查因果，再想办法掐断祸根。现阶段没有可靠书页，只能先这样低置信归纳。**细标签**：灵异邪术｜题名直接指向养尸｜低｜仅题名；悬疑查因果｜“为祸”说明不只是养尸本身｜低｜仅题名；需认亲｜缺原发页｜高｜书页缺失。,灵异邪术｜题名直接指向养尸｜低｜仅题名；悬疑查因果｜“为祸”说明不只是养尸本身｜低｜仅题名；需认亲｜缺原发页｜高｜书页缺失。,标题本身就带很强民俗惊悚味。,没找到可靠原发页。,Y,未知。,survey_not_ledger,deep_research,non_authoritative,w03_shallow50.md,2026-07-18T14:26:46+08:00
w03,ST-001,养蛊笔记,平台大概率纵横系旧作,作者飞飞语,中,证据：旧纵横榜单页可见同名和简介摘录；电子书站与百科侧链均指向飞飞语。,旧页未稳定显示，仅可确认偏都市异能/悬疑。,从父亲失踪与“怪笔记”切入的蛊术悬疑。,缺可直接核的原发整段；仅见旧榜单摘要“谢林八岁时父亲离奇出走，只给谢林留下了本奇怪的笔记……”。,谢林八岁时父亲突然失踪，留下的不是遗产，而是一本奇怪的笔记。这个开局特别标准：亲缘断裂+神秘留言，等于直接把主角送上追查真相的路。随着蛊术、怪事和笔记内容展开，主角一边在现实社会里活，一边被拖进更深的民俗异术世界。主冲突就是找父亲、查笔记和在越来越邪门的局里保住自己。**细标签**：蛊术民俗｜题名与摘要一致｜中｜书页/摘要；悬疑寻亲｜父亲离奇出走是起点｜中｜书页摘要；都市异能感｜第三方资料多指向此类｜中｜书评。**一句话卖点**：有点老派都市异能悬疑的味。,蛊术民俗｜题名与摘要一致｜中｜书页/摘要；悬疑寻亲｜父亲离奇出走是起点｜中｜书页摘要；都市异能感｜第三方资料多指向此类｜中｜书评。**一句话卖点**：有点老派都市异能悬疑的味。,有点老派都市异能悬疑的味。,原发页没抓稳，但作者与题名基本能对上。,,未知。,survey_not_ledger,deep_research,non_authoritative,w03_shallow50.md,2026-07-18T14:26:46+08:00
w03,ST-001,冥狱大帝,起点中文网,怜之使徒,高,证据：起点条目、起点百科痕迹。,仙侠。**粗题材**：以冥府权位争夺为核心的神话修仙。,以冥府权位争夺为核心的神话修仙。,冥府之内，邪魔当道，鬼魅横行。自打齐天大圣毁坏生死簿后，孤魂野鬼流窜人间……十殿阎罗明争暗斗，只为登临冥狱大帝的宝座。,这本直接把战场放到冥府。生死簿被毁后，阴间秩序崩坏，鬼魂乱窜，人间和冥界都乱成一团。开局重点不是小门派修仙，而是冥府权力真空下谁来坐上那个“大帝”位置。主冲突很直接：各方势力争权、争秩序，也争对三界的控制权。**细标签**：冥府神话｜地府与阎罗直接出场｜高｜简介；权位争夺｜“大帝宝座”是主矛盾｜高｜简介；西游衍生元素｜生死簿与齐天大圣设定明显｜高｜简介。**一句话卖点**：阴曹地府版权谋修仙。,冥府神话｜地府与阎罗直接出场｜高｜简介；权位争夺｜“大帝宝座”是主矛盾｜高｜简介；西游衍生元素｜生死簿与齐天大圣设定明显｜高｜简介。**一句话卖点**：阴曹地府版权谋修仙。,阴曹地府版权谋修仙。,未见明显主书冲突。,,未知。,survey_not_ledger,deep_research,non_authoritative,w03_shallow50.md,2026-07-18T14:26:46+08:00
w03,ST-001,凌霄仙族,作者多指向迷糊小神通，但起点更常见题名为《从炼气家族到凌霄仙族》,中,中,作者多指向迷糊小神通，但起点更常见题名为《从炼气家族到凌霄仙族》｜中｜证据：起点搜索结果、外站同名页。,外站多标仙侠。**粗题材**：家族修仙+灵植种田。,家族修仙+灵植种田。,缺可直接核的同名原发整段；外部共识简介为“凌鹏云携带一卷道经，转生化为凌氏仙族族人，踏上仙途。以灵植夫壮大家族……”。,按现有线索，这本讲的是凌鹏云转生成凌氏家族成员，从一个家族修士的角度慢慢把整个家族往上托。开局不是单兵升级，而是灵植、资源、家族人口与地盘怎么一起增长。主冲突是家族在修仙世界里如何站稳、扩张和避免断代。**细标签**：家族修仙｜凌氏仙族是主轴｜中｜书评/外站；灵植种田｜“以灵植夫壮大家族”非常明确｜中｜书评/外站；需认亲｜起点同名口径更常见为变体书名｜高｜书页。,家族修仙｜凌氏仙族是主轴｜中｜书评/外站；灵植种田｜“以灵植夫壮大家族”非常明确｜中｜书评/外站；需认亲｜起点同名口径更常见为变体书名｜高｜书页。,喜欢“一个人富不算富，得把家族一起拉上来”的会吃这套。,与《从炼气家族到凌霄仙族》存在强关联，需认亲。,,未知。,survey_not_ledger,deep_research,non_authoritative,w03_shallow50.md,2026-07-18T14:26:46+08:00
w03,ST-001,凌霄仙门,起点中文网,披着马甲的羊羊羊,高,证据：起点条目、QQ阅读页。,仙侠。**粗题材**：破落宗门背景下的稳健宗门成长流。,破落宗门背景下的稳健宗门成长流。,天涯明月老，岁月风霜刀……衰落的宗门……叶洋只觉醒了一个看似平凡的命格——坚韧不拔。修仙不是打打杀杀，而是人情世故。,叶洋的开局挺惨，所在宗门在衰落，自己也不是天命之子，只是拿了个“坚韧不拔”的普通命格。路子因此也很明确：不拼一波流，不赌大机缘，而是靠硬熬、借势、人情世故和持续变强，把自己和宗门一起往上顶。主冲突就是乱世修仙里，普通人怎么靠稳健和耐性走成长生路。**细标签**：宗门经营｜破落宗门背景鲜明｜高｜简介；稳健流｜书页直接强调稳健、智商在线｜高｜书页；命格成长｜“坚韧不拔”是主设定｜高｜简介。**一句话卖点**：不是猛冲型，是能熬死你的那种。,宗门经营｜破落宗门背景鲜明｜高｜简介；稳健流｜书页直接强调稳健、智商在线｜高｜书页；命格成长｜“坚韧不拔”是主设定｜高｜简介。**一句话卖点**：不是猛冲型，是能熬死你的那种。,不是猛冲型，是能熬死你的那种。,未见明显主书冲突。,,未知。,survey_not_ledger,deep_research,non_authoritative,w03_shallow50.md,2026-07-18T14:26:46+08:00
w03,ST-001,凡人之天道血葫,起点中文网,四海龟年,高,证据：起点条目、目录页。,仙侠。**粗题材**：凡人修仙世界观下的原创主角同人。,凡人修仙世界观下的原创主角同人。,一介凡人，三灵根之资，穿越至残酷冰冷的修仙世界。,这本不是韩立本传，而是借《凡人修仙传》那套冷硬修仙环境，再塞一个三灵根普通人进去。开局资源差、资质也不顶，优势大概率落在“天道血葫”这件关键物上。主冲突还是很凡人：怎么在残酷世界里靠法宝/外挂和谨慎路线一路活下去、抢资源、升境界。**细标签**：凡人同人｜题名直接挂凡人体系｜高｜书页；草根资质｜三灵根开局明确｜高｜简介；宝物外挂｜血葫就是核心钩子｜中｜题名/书页。**一句话卖点**：凡人模板 + 新法宝路线。,凡人同人｜题名直接挂凡人体系｜高｜书页；草根资质｜三灵根开局明确｜高｜简介；宝物外挂｜血葫就是核心钩子｜中｜题名/书页。**一句话卖点**：凡人模板 + 新法宝路线。,凡人模板 + 新法宝路线。,未见明显主书冲突。,,未知。,survey_not_ledger,deep_research,non_authoritative,w03_shallow50.md,2026-07-18T14:26:46+08:00
w03,ST-001,凡人修仙之仙界篇,起点中文网,忘语,高,证据：起点条目、关联说明页。,仙侠。**粗题材**：《凡人修仙传》正统续篇。,《凡人修仙传》正统续篇。,凡人修仙，风云再起。时空穿梭，轮回逆转。金仙太乙，大罗道祖，三千大道，法则至尊。,如果本传看到韩立飞升还没过瘾，这本就是继续往上抬层级。开局默认读者知道凡人本传基础，所以很快把视角推到仙界、更高境界和更大法则体系。主冲突也同步升级：不再是单纯宗门和资源争斗，而是仙界秩序、法则力量和更高层级强者之间的博弈。**细标签**：正统续作｜官方关联说明很明确｜高｜书页；凡人宇宙｜境界和法则体系全面升级｜高｜简介；大世界升级｜从人界扩到仙界｜高｜简介。**一句话卖点**：凡人世界的“更高一层楼”。,正统续作｜官方关联说明很明确｜高｜书页；凡人宇宙｜境界和法则体系全面升级｜高｜简介；大世界升级｜从人界扩到仙界｜高｜简介。**一句话卖点**：凡人世界的“更高一层楼”。,凡人世界的“更高一层楼”。,无。,,未知。,survey_not_ledger,deep_research,non_authoritative,w03_shallow50.md,2026-07-18T14:26:46+08:00
w03,ST-001,凡人：从魔道开始的天灵根,起点中文网,花鸟虫余,高,证据：起点条目、QQ阅读页。,仙侠。**粗题材**：凡人同人里走魔道路线的天灵根主角文。,凡人同人里走魔道路线的天灵根主角文。,正道修五行，魔道修阴阳。当魔道入侵一百年前，一位天灵根降生在了宗门。命运的蝴蝶扇动了翅膀。,这本直接挑明了分叉点：不是再走韩立那条凡人苟道，而是把时间线往前拨，再塞一个天灵根人物进魔道压力下的世界。开局已经有资质优势，但路线危险度也更高，因为魔道入侵会改变整个环境。主冲突是主角如何在魔道和正道、中立和入局之间做选择，并把天灵根优势变成真正胜势。**细标签**：凡人同人｜题名明确｜高｜书页；魔道路线｜简介点明正魔之分｜高｜简介；高资质开局｜天灵根是核心配置｜高｜简介。**一句话卖点**：凡人同人里偏“高配但高危”的那支。,凡人同人｜题名明确｜高｜书页；魔道路线｜简介点明正魔之分｜高｜简介；高资质开局｜天灵根是核心配置｜高｜简介。**一句话卖点**：凡人同人里偏“高配但高危”的那支。,凡人同人里偏“高配但高危”的那支。,未见明显主书冲突。,,未知。,survey_not_ledger,deep_research,non_authoritative,w03_shallow50.md,2026-07-18T14:26:46+08:00
w03,ST-001,凡人：开局夺舍墨居仁,起点中文网,逍尘子,高,证据：起点条目、QQ阅读页。,仙侠｜幻想修仙。**粗题材**：凡人同人里夺舍反派墨居仁后改命走血脉路线。,凡人同人里夺舍反派墨居仁后改命走血脉路线。,我是墨居仁，带着手游“猎妖大陆”的辅助器穿越到凡人世界。没有灵根，不能修仙？没关系，我可以走另一条路……,这本思路很明牌：不是穿成韩立，而是穿成墨居仁。开局就钻进原著反派身体里，命运天然带坑，但也因此多了大量改写空间。再加上“猎妖大陆”辅助器，主角不用传统灵根修法，而是转去猎妖取血、融合血脉。主冲突是他怎么从原著里的危险位置改线，最后走出一条不一样的登顶路。**细标签**：凡人同人｜题名明确｜高｜书页；反派夺舍改命｜墨居仁就是关键钩子｜高｜简介；血脉流｜融合血脉是成长主线｜高｜简介。**一句话卖点**：把原著早期反派活成主角。,凡人同人｜题名明确｜高｜书页；反派夺舍改命｜墨居仁就是关键钩子｜高｜简介；血脉流｜融合血脉是成长主线｜高｜简介。**一句话卖点**：把原著早期反派活成主角。,把原著早期反派活成主角。,无。,,未知。,survey_not_ledger,deep_research,non_authoritative,w03_shallow50.md,2026-07-18T14:26:46+08:00
w03,ST-001,凡人：我有一个随身世界,起点中文网,君懿文,高,证据：起点条目、QQ阅读页。,仙侠。**粗题材**：凡人同人里带随身世界的大资源流。,凡人同人里带随身世界的大资源流。,穿越凡人世界，获得金手指随身世界……自带金手指。,主角进的还是《凡人修仙传》那套世界，但手上多了个很夸张的外挂：随身世界。说白了，这等于随身带资源库、发育空间甚至躲避空间，所以开局就不是裸奔局。主冲突因此变成“外挂够强，但凡人世界也够狠”，主角要怎么把这个世界用到极致，又不把自己提前暴露成靶子。**细标签**：凡人同人｜题名明确｜高｜书页；随身空间｜核心金手指直写｜高｜简介；资源经营流｜外挂天然偏资源滚雪球｜中｜书页。**一句话卖点**：凡人体系里最直观好懂的外挂之一。,凡人同人｜题名明确｜高｜书页；随身空间｜核心金手指直写｜高｜简介；资源经营流｜外挂天然偏资源滚雪球｜中｜书页。**一句话卖点**：凡人体系里最直观好懂的外挂之一。,凡人体系里最直观好懂的外挂之一。,无。,,未知。,survey_not_ledger,deep_research,non_authoritative,w03_shallow50.md,2026-07-18T14:26:46+08:00
w03,ST-001,刁蛮千金斗恶少,旧作多指向紫月君，原发平台本轮未抓稳,中,中,旧作多指向紫月君，原发平台本轮未抓稳｜中｜证据：第三方整书页、百科图册页均指向紫月君与小说阅读网系旧作。,青春/贵爵童话为外部口径。,校园言情+豪门少爷+欢喜冤家。,缺可直接核的原发整段。,从现有简介看，女主先被赶出家门，又为了帮姐妹出气去接近花花公子，结果反而把自己卷进了更大的豪门少爷和贵族学校圈子。开局是很典型的早年校园言情戏路：强势女主撞上恶少群体，一边互整一边发酵感情。主冲突就是阶层、面子和感情拉扯下，这对冤家到底怎么从斗气走到真捆绑。**细标签**：校园言情｜贵族学校与青春分类明显｜中｜书评/第三方书页；欢喜冤家｜“斗恶少”就是关系模式｜中｜题名/书页；豪门少爷题材｜外部资料一致指向｜中｜书评/第三方书页。,校园言情｜贵族学校与青春分类明显｜中｜书评/第三方书页；欢喜冤家｜“斗恶少”就是关系模式｜中｜题名/书页；豪门少爷题材｜外部资料一致指向｜中｜书评/第三方书页。,很有早年网文校园言情的味道。,原发平台没抓稳，但作者和作品认亲大体可对上。,,未知。,survey_not_ledger,deep_research,non_authoritative,w03_shallow50.md,2026-07-18T14:26:46+08:00
w03,ST-001,刚准备高考，离婚逆袭系统来了,起点中文网,七月封阳,高,证据：起点条目、笔趣阁镜像仅作补剧情核对不用作原发。,都市。**粗题材**：高三男主拿到“未来离婚逆袭系统”后，提前改命的校园都市文。,高三男主拿到“未来离婚逆袭系统”后，提前改命的校园都市文。,人在高三，离婚逆袭系统早到二十年……未来的前妻是谁？……青梅、未来的前妻、未来前女友，全是年轻版本……,这设定很逗：系统本该给中年离婚男人用，结果提前二十年砸到高三男主江年身上。于是别人忙高考，他忙着面对青梅、未来前妻、未来前女友这些“年轻版命运人物”。开局就把校园日常和未来人生线缠一起了。主冲突是男主怎么在高考、感情和未来提示之间做选择，提前把后半生改掉。**细标签**：校园日常｜高三开局明确｜高｜简介；系统流｜核心机制明确｜高｜简介；未来信息改命｜系统来自“离婚后”人生阶段｜高｜简介。**一句话卖点**：中年系统错投高中生，天然就有梗。,校园日常｜高三开局明确｜高｜简介；系统流｜核心机制明确｜高｜简介；未来信息改命｜系统来自“离婚后”人生阶段｜高｜简介。**一句话卖点**：中年系统错投高中生，天然就有梗。,中年系统错投高中生，天然就有梗。,无。,,未知。,survey_not_ledger,deep_research,non_authoritative,w03_shallow50.md,2026-07-18T14:26:46+08:00
w03,ST-001,刚成仙神，子孙求我出山,起点中文网,任我笑,高,证据：起点条目、QQ阅读页。,仙侠。**粗题材**：长生老祖视角的王朝/修仙结合文。,长生老祖视角的王朝/修仙结合文。,投胎成为景朝立国的第一位太子……后被送到一道观中……三百年后……傀儡皇帝来到道观前，跪拜哭泣：“子孙不孝，无力回天，请祖宗登基……”,姜长生本来是太子，结果刚出生就被调包，扔进道观当了小道士。好在他有生存系统，而且寿命越活越长，于是人间王朝兴衰在他眼里都成了长时段背景。开局是被动苟活，往后变成“你不想出山，但子孙和天下逼你出山”。主冲突就在这儿：长生者到底要不要重新入局。**细标签**：长生老祖流｜三百年后子孙来请，味道很正｜高｜简介；王朝修仙结合｜景朝与道观并行｜高｜简介；系统流｜生存系统明确｜高｜简介。**一句话卖点**：老祖宗不想管，但后人真的快不行了。,长生老祖流｜三百年后子孙来请，味道很正｜高｜简介；王朝修仙结合｜景朝与道观并行｜高｜简介；系统流｜生存系统明确｜高｜简介。**一句话卖点**：老祖宗不想管，但后人真的快不行了。,老祖宗不想管，但后人真的快不行了。,无。,,未知。,survey_not_ledger,deep_research,non_authoritative,w03_shallow50.md,2026-07-18T14:26:46+08:00
w03,ST-001,刚成老祖逼我赴死，我道果归一了,平台未知,作者未知,低,证据：本轮仅抓到视频口播式简介，未抓到原发页。,未知。**粗题材**：老祖开局被宗门和家族逼上绝路的逆袭修仙。,老祖开局被宗门和家族逼上绝路的逆袭修仙。,缺官方简介。,现有外部简介大意是：主角穿成一个寿元将尽的金丹老祖，本该受供奉，结果宗门和家族都盼着他去死，还想逼他上死斗台。开局就是最硬的“老祖不被当人看”。主冲突很直接：主角要先翻掉眼前这盘绝命局，再把所谓老祖身份重新坐实，顺手清算那些盼他死的人。**细标签**：老祖流｜题名直给｜中｜书评/外部简介；开局死局｜“逼我赴死”是主冲突｜中｜题名/外部简介；家族宗门清算｜外部简介有对应痕迹｜中｜书评。,老祖流｜题名直给｜中｜书评/外部简介；开局死局｜“逼我赴死”是主冲突｜中｜题名/外部简介；家族宗门清算｜外部简介有对应痕迹｜中｜书评。,不是老祖装嫩，是老祖一醒来先收债。,没抓到可靠原发页，需认亲。,,未知。,survey_not_ledger,deep_research,non_authoritative,w03_shallow50.md,2026-07-18T14:26:46+08:00
w03,ST-001,创业在晚唐,起点中文网,痴人陈,高,证据：起点条目、目录页。,历史。**粗题材**：晚唐乱世背景下，从底层溃卒与义社往上做势力经营的历史文。,晚唐乱世背景下，从底层溃卒与义社往上做势力经营的历史文。,命符传李氏二百五十七年后。昔日万国朝宗的煌煌天唐跌跌撞撞地走到了乾符元年的……,时间点落在晚唐，这就意味着天下已经接近散架。目录页前几章就能看出它不是庙堂开局，而是从“溃卒、带甲、乱世、义社”这些更底层、更贴近生存的节点切进去。主冲突是个人在王朝崩坏时怎么先活，再聚人、聚兵、聚地盘，最后把“活路”做成“事业”。**细标签**：晚唐乱世｜时代坐标明确｜高｜简介；历史经营流｜标题直指创业，目录早期全是起家节点｜高｜书页；势力成长｜义社、带甲这些词很说明问题｜高｜目录页。**一句话卖点**：乱世版“从活下来开始创业”。,晚唐乱世｜时代坐标明确｜高｜简介；历史经营流｜标题直指创业，目录早期全是起家节点｜高｜书页；势力成长｜义社、带甲这些词很说明问题｜高｜目录页。**一句话卖点**：乱世版“从活下来开始创业”。,乱世版“从活下来开始创业”。,无。,,未知。,survey_not_ledger,deep_research,non_authoritative,w03_shallow50.md,2026-07-18T14:26:46+08:00
w03,ST-001,剑来,纵横中文网主站作者作,烽火戏诸侯,高,证据：起点渠道页、纵横圈页。,起点渠道页见“仙侠”，纵横圈页见“武侠仙侠”。**粗题材**：以陈平安成长为主轴的大体量仙侠群像。,以陈平安成长为主轴的大体量仙侠群像。,大千世界，无奇不有。我陈平安，唯有一剑，可搬山，倒海，降妖，镇魔，敕神，摘星，断江，摧城，开天！,开局的陈平安不是立地通天的大人物，而是从很小的人生处境一点点往外走。故事不急着给你纯爽点，而是先让你跟着他看人、看世道、看规矩，再慢慢把修行、江湖、山上山下这些层次全铺开。主冲突既是个人成长，也是人在庞大世界秩序里怎么守住自己那口气。**细标签**：群像仙侠｜大体量人物网络非常明显｜高｜书页；成长修心｜陈平安不是纯数值升级模板｜高｜简介/书页；文气重｜作者风格与文案口吻都明显｜高｜书页。**一句话卖点**：喜欢慢热、喜欢人物和世道一起展开的，通常会很吃。,群像仙侠｜大体量人物网络非常明显｜高｜书页；成长修心｜陈平安不是纯数值升级模板｜高｜简介/书页；文气重｜作者风格与文案口吻都明显｜高｜书页。**一句话卖点**：喜欢慢热、喜欢人物和世道一起展开的，通常会很吃。,喜欢慢热、喜欢人物和世道一起展开的，通常会很吃。,渠道页与主站频道口径略有差异，但作品认亲无误。,,未知。,survey_not_ledger,deep_research,non_authoritative,w03_shallow50.md,2026-07-18T14:26:46+08:00
w03,ST-001,剑烛大荒,起点中文网,爱潜水的乌贼,高,证据：起点条目、封面新闻专访。,玄幻。**粗题材**：以《山海经》和“绝地天通”神话重构出来的后山海江湖。,以《山海经》和“绝地天通”神话重构出来的后山海江湖。,烛龙，食之开浑沌、照九阴、掌昼夜、更替四时、呼风唤雨……,这本不是常规宗门修炼开局，而是把《山海经》神话拆开重组，做成“神话退潮之后的人间江湖”。开局就把异兽、神灵、古帝传承这些东西往前摆，所以读者一开始更像在摸一张很陌生但很有历史感的地图。主冲突不是简单升级，而是在旧神话余烬里争传承、争解释权、争活路。**细标签**：山海神话｜作者访谈中明确写了《山海经》骨架｜高｜书页/访谈；高概念江湖｜不是传统玄幻模板｜高｜访谈；大神新作｜作者署名明确｜高｜书页。**一句话卖点**：乌贼把神话底子重新炒了一遍，味儿很新。,山海神话｜作者访谈中明确写了《山海经》骨架｜高｜书页/访谈；高概念江湖｜不是传统玄幻模板｜高｜访谈；大神新作｜作者署名明确｜高｜书页。**一句话卖点**：乌贼把神话底子重新炒了一遍，味儿很新。,乌贼把神话底子重新炒了一遍，味儿很新。,无。,,未知。,survey_not_ledger,deep_research,non_authoritative,w03_shallow50.md,2026-07-18T14:26:46+08:00
w04,ST-001,剑道余烬,起点中文网,会摔跤的熊猫,高,证据：起点书页、QQ阅读页。,仙侠／古典仙侠。,重生回炉的古典剑修大世文。,节录——“剑修，可以站着死，不可跪着生！”“谢玄衣坠入北海……意外迎来了第二次人生。”,谢玄衣原本是个前途断掉的剑修，坠入北海后却被“不死泉”捞回一条命，等于重开。重活一世，他不想再做那个身体孱弱、剑也断掉的人，所以一边补体魄、一边重修剑道，还得在妖女、佛子、剑仙都冒头的黄金盛世里，把自己前世丢掉的路重新杀回来。,"剑修重生｜官方直接写“第二次人生”，且主角明确是剑修｜把握高｜依据类型＝书页。   
古典仙侠｜频道原文就是“仙侠／古典仙侠”｜把握高｜依据类型＝书页。   
大世群像｜简介同时点到妖女、剑仙、佛子与“黄金盛世”｜把握高｜依据类型＝简介。",断剑之人重开人生，主打一个把前世没打完的仗狠狠干完。,未见明显同名冲突。,,未知。,survey_not_ledger,deep_research,non_authoritative,w04_shallow50.md,2026-07-18T15:44:24+08:00
w04,ST-001,北望江山,起点中文网,孤独麦客,高,证据：起点书页、QQ阅读页。,历史／两宋元明。,元末背景的慢热型寒门挣扎文。,节录——“现代人来到元朝末年，各种意义上艰难挣扎的故事。”,这本不是开局就乱杀的元末爽文，简介给的信号很直接，就是“艰难挣扎”。主角是现代人，被丢进元朝末年的大乱局里，开局先不是建功立业，而是想办法在时代崩坏、身份受限、资源稀缺的局面下活下来、站住脚。后面的主冲突，就是个人求生和乱世上升之间怎么选、怎么熬。,"元末乱世｜简介明确写“元朝末年”｜把握高｜依据类型＝简介。   
现代人穿古｜简介直接写“现代人来到元朝末年”｜把握高｜依据类型＝简介。   
寒门挣扎｜书名是“北望江山”，但真正的落点是“艰难挣扎”，不是开场王侯将相｜把握高｜依据类型＝简介。",元末版“先别谈江山，先想办法活”。,未见明显同名冲突。,,未知。,survey_not_ledger,deep_research,non_authoritative,w04_shallow50.md,2026-07-18T15:44:24+08:00
w04,ST-001,北洋之梦,起点中文网,大罗罗,高,证据：QQ阅读页、起点检索页。,历史／清史民国。,晚清北洋线的民国创业型历史穿越文。,节录——“穿越成了光绪十五年北洋总统预备班的学渣……我要当总统！”,常德胜穿成了光绪十五年一个在北洋系统里混得不咋样的学生，开局身边同学却是一堆后来的民国大人物。书的路线很明确，不是救大清那种老路，而是借北洋班底和晚清变局，往个人权力顶点冲。他要解决的核心冲突，是怎么在真实历史人物之间抢位置、抢机会，最后把“我要当总统”这句狂话变成现实。,"晚清民国｜频道写明“清史民国”｜把握高｜依据类型＝书页。   
历史穿越｜简介直接写“穿越成了光绪十五年”｜把握高｜依据类型＝简介。   
权力上升流｜核心目标就是“我要当总统”｜把握高｜依据类型＝简介。",把“北洋班同学录”玩成个人登顶路线图。,未见明显同名冲突。,,未知。,survey_not_ledger,deep_research,non_authoritative,w04_shallow50.md,2026-07-18T15:44:24+08:00
w04,ST-001,北美阿拉斯加淘金日记,起点中文网,罐头嘴,高,证据：起点书页、QQ阅读页。,都市／都市生活。,带异能的北美荒野淘金冒险文。,节录——“阿拉斯加，最后的极地边疆……周辛获得了可以闻到黄金味道的能力。”,主角周辛在一次意外后有了“闻黄金”的能力，于是从普通打工人转成阿拉斯加荒野淘金客。开局地点就是北美极地边疆，冲突也不复杂：一边是发财机会，一边是荒野、生存、竞争和危险。他不是在城市里卷人情世故，而是在山林、溪流、孤岛之间赌命找金子。,"北美荒野冒险｜简介直接点名阿拉斯加、山林、溪流、孤岛｜把握高｜依据类型＝简介。   
异能淘金｜“闻到黄金味道”是明确金手指｜把握高｜依据类型＝简介。   
都市生存创业｜频道为“都市生活”，但故事空间实际拉到野外求财｜把握高｜依据类型＝书页/简介。",不是城市捡漏，是在北极圈边上拿命闻金。,未见明显同名冲突。,,未知。,survey_not_ledger,deep_research,non_authoritative,w04_shallow50.md,2026-07-18T15:44:24+08:00
w04,ST-001,北辰剑宗掌门秘录,起点中文网,板斧战士,高,证据：起点书页、QQ阅读页。,仙侠／修真文明。,宗门经营味很重的黑硬派修真文。,节录——“铲平魔宫，灭绝魔教，屠戮妖巢，扫荡魔域……”,从题名和简介看，主线围着“北辰剑宗掌门”这个身份展开。开局不是小白修仙，而是直接把目标对准宗门掌控和三界制霸。故事冲突也很硬，面对的是魔宫、魔教、妖巢、魔域这一整套敌对势力，所以它更像掌门成长史加宗门战争史，不太像细水长流的凡人修仙。,"宗门掌门流｜书名直接落在“掌门秘录”，简介又指向玄门至尊路线｜把握高｜依据类型＝书页/简介。   
修真文明｜起点相关页标注为“修真文明类”｜把握高｜依据类型＝书页。   
杀伐征伐｜简介连续出现铲平、灭绝、屠戮、扫荡｜把握高｜依据类型＝简介。",掌门不是坐办公室的，是一路杀出来的。,未见明显同名冲突。,,未知。,survey_not_ledger,deep_research,non_authoritative,w04_shallow50.md,2026-07-18T15:44:24+08:00
w04,ST-001,匹夫有责,起点中文网,北城二千,高,证据：起点书页、QQ阅读页。,历史／两宋元明。,明末西北视角的救亡历史文。,节录——“明可亡，而天下不可亡。”刘峻：“天下兴亡，匹夫有责！”,故事从崇祯七年切入，乱局一下子全铺开：流寇、后金、大旱、兵变、瘟疫、财政危机全来了。主角刘峻身处西北临洮卫，开局就卷进缺饷缺粮、兵卒要反的烂摊子里。主冲突不是个人升级，而是明末天崩局面下，一个小人物怎么在亡国与“亡天下”的夹缝里选边、做事、扛责任。,"明末乱世｜简介明确给出“崇祯七年春”与多线危机｜把握高｜依据类型＝简介。   
家国救亡｜核心口号就是“天下兴亡，匹夫有责”｜把握高｜依据类型＝简介。   
西北边地视角｜简介落点在“西北临洮卫”｜把握高｜依据类型＝简介。",从边地兵卒视角写明末真乱局。,未见明显同名冲突。,,未知。,survey_not_ledger,deep_research,non_authoritative,w04_shallow50.md,2026-07-18T15:44:24+08:00
w04,ST-001,医学美利坚：我靠恶魔度过斩杀线,起点中文网,咆哮的麦子,高,证据：起点书页、QQ阅读页。,都市／都市生活。,美国医疗+都市超常+黑色生存的混合文。,节录——“地狱空荡荡，恶魔美利坚。林恩重生在美利坚……却撞破了人体倒卖现场。”,林恩重生到美国，本来想老老实实当医生，结果开局就碰上人体倒卖，直接从职业路线变成求生路线。更离谱的是，他还有个“恶魔识别系统”，能把身边那些看着像正常人的危险目标识别出来。主冲突就是医生身份、黑市犯罪和超常世界三条线缠在一起，他白天要治病，晚上得在纽约这个“恶魔美利坚”里活下去。,"美利坚都市生存｜故事地点明确在纽约，美国社会环境是核心背景｜把握高｜依据类型＝简介。   
医生主角｜简介直写“先做好医生本职工作”｜把握高｜依据类型＝简介。   
恶魔识别系统｜系统机制写得很明白｜把握高｜依据类型＝简介。",披着医生袍的美式都市猎魔生存。,未见明显同名冲突。,,未知。,survey_not_ledger,deep_research,non_authoritative,w04_shallow50.md,2026-07-18T15:44:24+08:00
w04,ST-001,十尾帝狐,起点中文网,语灵心尘,高,证据：起点书页、QQ阅读页。,仙侠奇缘。,女主妖族成长线的大长篇玄幻仙侠。,节录——“她一出世，便是万妖之王，东海之主……她是一个女人，一个叫苏不谨的女人。”,主角苏不谨一出生就自带高配，身份是万妖之王、东海之主，还身怀十尾血脉和强力功法。开局不是弱者求生，而是带着极高天赋进入一个更大的仙妖世界。主冲突在于她怎么把这种“天生立得高”的开局，真正走成横跨妖、仙、诸界的大女主成长史，而不是只靠设定压人。,"女主修仙｜官方多次用“她”“苏不谨”指向女主｜把握高｜依据类型＝简介。   
妖族血脉流｜十尾狐血脉和万妖之王身份是根设定｜把握高｜依据类型＝简介。   
高开天赋流｜开局就是东海之主、十尾、神功｜把握高｜依据类型＝简介。",天生满配的大妖女主，走的是把高开设定打成真传奇的路。,未见明显同名冲突。,,未知。,survey_not_ledger,deep_research,non_authoritative,w04_shallow50.md,2026-07-18T15:44:24+08:00
w04,ST-001,华娱：从姨圈先出名,起点中文网,刀插咯吱窝痛笑了,高,证据：起点书页、QQ阅读页。,都市小说。,娱乐圈成名流，切口放在“姨圈”资源。,节录——“记者：请问你是新人么，第一次就自导自演？”,从题名和简介看，主角走的是娱乐圈出名路线，但不是常见的偶像练习生开局，而是先从“姨圈”那个更成熟、更有人脉也更现实的圈层切进去。开局重点在于一个新人怎么借这个入口拿到拍戏、露脸和被市场看见的机会，主冲突就是成名速度、资源获取和圈内博弈。,"华娱文｜题名直接落在“华娱”｜把握高｜依据类型＝书页。   
娱乐圈成名流｜自导自演、新人出名是简介核心信息｜把握高｜依据类型＝简介。   
资源切口特殊｜“从姨圈先出名”说明入圈方式不是常规偶像线｜把握中｜依据类型＝题名/简介。",娱乐圈起步点不走小鲜肉赛道，先从“姐姐阿姨资源盘”掀桌。,未见明显同名冲突。,,未知。,survey_not_ledger,deep_research,non_authoritative,w04_shallow50.md,2026-07-18T15:44:24+08:00
w04,ST-001,华娱：重生了，还逼我做渣男啊,起点中文网,跳水蛙蛙,高,证据：起点书页、第三方转述的书页内容。,都市小说。,重生流演员成长文，外带情感口碑争议。,节录——“好消息：重生回到了2004。坏消息：没有系统。”,陈诺重生回 2004 年，高中在读，没系统，成绩差，家里还快破产。于是他选的路很直接，先混进电影学院，想办法在娱乐圈靠演戏翻身。书名把“渣男”挂出来，但简介真正主线是一个重生年轻人怎么从草台班子剧组一路混成演员，主冲突是事业起步和情感关系一块把人往前推。,"华娱｜题名直接写“华娱”｜把握高｜依据类型＝书页。   
重生回档｜简介直接写“重生回到了2004”｜把握高｜依据类型＝简介。   
演员成长｜简介核心动作是去电影学院和拍戏成名｜把握高｜依据类型＝简介。",重生文娱，但重点更偏“怎么混成演员”。,未见同名冲突；不过公开可见的完整简介主要来自第三方转述，置信略低于纯官方直出。,,未知。,survey_not_ledger,deep_research,non_authoritative,w04_shallow50.md,2026-07-18T15:44:24+08:00
w04,ST-001,华娱：顶流没有假期,起点中文网,顾屈,高,证据：起点书页、QQ阅读页。,都市／娱乐明星。,从金融牛马重开到校园剧顶流的华娱文。,节录——“在金融行业打拼了十年的金融牛马一朝回到2016年。”,江白在金融行业熬了十年，一觉回到 2016，果断不想再卷金融，转头扎进娱乐圈。开局目标很明确，先从校园剧顶流做起，尽快把名气和位置站稳。主冲突一边是娱乐圈成名的机会，一边是这个圈子比金融还乱的现实，他得拿重来一次的人生经验去赌一个更值的未来。,"华娱｜题名直接写“华娱”｜把握高｜依据类型＝书页。   
回档重生｜简介写明“回到2016年”｜把握高｜依据类型＝简介。   
娱乐明星｜频道原文就是“娱乐明星”｜把握高｜依据类型＝书页。",金融人二刷人生，选了更嘈杂也更上头的赛道。,未见明显同名冲突。,,未知。,survey_not_ledger,deep_research,non_authoritative,w04_shallow50.md,2026-07-18T15:44:24+08:00
w04,ST-001,卷王魔女从不认输,起点中文网,忘鱼鱼,高,证据：起点书页、QQ阅读页。,玄幻言情。,无 CP、卡牌、学院、群像向的女巫成长文。,节录——“无cp、卡牌、学院、群像、轻松、日常。”,这本的核心不是恋爱，而是一个魔女主角在学院和成长体系里一路卷上去。公开信息已经把味道说得很明白：无 CP、卡牌、学院、群像。开局更像女巫世界的学习和升级，主冲突是主角怎么在同伴、课程、试炼和更大的世界秩序里往上冲，同时保持“从不认输”的卷王姿态。,"无CP女主成长｜官方标签直接写“无cp”｜把握高｜依据类型＝简介。   
学院魔法｜官方标签写“学院”，题名写“魔女”｜把握高｜依据类型＝简介/书页。   
卡牌系统设定｜官方标签直接写“卡牌”｜把握高｜依据类型＝简介。",把魔法学院文写成“谁都别想让我躺平”。,未见明显同名冲突。,,未知。,survey_not_ledger,deep_research,non_authoritative,w04_shallow50.md,2026-07-18T15:44:24+08:00
w04,ST-001,参加恋综，这个小鲜肉过分接地气,阅文系公开页,不是蒜是水仙,中,证据：QQ阅读公开页、阅文推荐页。,都市／娱乐明星。,恋综综艺切入的文娱反差喜剧文。,节录——“身为被阉割的选秀时代余孽……意外觉醒了一个‘接地气’系统。”,顾怀安本来是没出道成的选秀遗珠，好不容易上恋综，结果激活了一个越“接地气”越能加唱功、乐理、演技的系统。于是恋综现场别人在精致营业，他在嗑瓜子、吃路边摊、跳广场舞。主冲突也因此很明确：他一边靠反差人设疯狂吸睛，一边又被节目和感情关系推着往真正的明星位置上走。,"恋综文娱｜书名就把“恋综”写死了｜把握高｜依据类型＝书页。   
接地气系统｜简介核心设定｜把握高｜依据类型＝简介。   
反差喜剧｜帅哥却老干最土最日常的事，反差感是卖点也是冲突源｜把握高｜依据类型＝简介。",不是恋综小鲜肉，是恋综泥石流。,未见明显同名冲突；但我这次拿到的公开证据以阅文推荐页为主，不是最标准的书页直出。,,未知。,survey_not_ledger,deep_research,non_authoritative,w04_shallow50.md,2026-07-18T15:44:24+08:00
w04,ST-001,双穿，从当个倒爷开始,起点中文网,难得问候,高,证据：起点书页、起点检索页。,仙侠小说。,现代与异世界来回倒卖资源的双穿发财文。,节录——“普通小市民陈风意外获得了一幅能够前往异世界的画卷。”,陈风本来只是普通人，突然得到一幅能把他送进异世界的画卷。开局最大的机会，就是两个世界物资差价巨大：异世界的普通矿石，运回现代可能就是战略级好东西。所以他干脆从“倒爷”做起，靠来回倒卖一步步做大。主冲突就是双世界之间的资源、身份和风险怎么平衡。,"双穿｜题名和简介都点明双世界往返｜把握高｜依据类型＝书页/简介。   
交易流｜“倒爷”就是核心行动模式｜把握高｜依据类型＝书页。   
资源差套利｜简介明确说两个世界物资价值悬殊｜把握高｜依据类型＝简介。",不是打怪先，先做跨世界贸易。,未见明显同名冲突。,,未知。,survey_not_ledger,deep_research,non_authoritative,w04_shallow50.md,2026-07-18T15:44:24+08:00
w04,ST-001,叩问仙道,起点中文网,雨打青石,高,证据：起点书页、起点检索页。,仙侠。,凡人误入仙道、一步步挣扎求生的正统修仙文。,节录——“一个凡人少年因为一次意外而误入仙道，在求仙路上挣扎前行。”,这书是很标准的“凡人入仙门”开局。主角原本只是普通少年，因为一次意外踏上修仙路，之后面对的不是开挂平推，而是“仙路难于登天”的持续挣扎。开局冲突就是资质、资源、风险都不占优，想活下去都难，更别说求道长生，所以读起来偏慢热、偏苦修。,"凡人流修仙｜简介明确“凡人少年误入仙道”｜把握高｜依据类型＝简介。   
苦修求道｜简介直接写“挣扎前行”“求道之心不减”｜把握高｜依据类型＝简介。   
慢热长线｜连载规模很大，简介调子也不是爽推型｜把握中｜依据类型＝书页/简介。",不是爽修仙，是一路咬牙熬上去。,存在《叩问仙道1》之类近名新作，但原书《叩问仙道》身份明确，未混。,,未知。,survey_not_ledger,deep_research,non_authoritative,w04_shallow50.md,2026-07-18T15:44:24+08:00
w04,ST-001,史上第一混乱,起点中文网,张小花,高,证据：起点书页、第三方书页。,都市小说。,反穿越群像喜剧老经典。,节录——“我真倒霉，真的。人家穿越，我只能被穿越。”,主角萧强本来只是个开当铺的小人物，结果不是他穿越到古代，而是一堆古代名人反过来闯进他的生活。荆轲、李白、项羽、秦桧这些人跟他在现实都市里碰撞，日常直接失控。开局冲突就是普通人生活被历史人物彻底搅乱，而这本书的看点也正在这种高密度、乱炖式的喜剧失序感。,"反穿越｜名台词就是“我只能被穿越”｜把握高｜依据类型＝简介。   
都市喜剧｜频道为都市，内容又是恶搞混搭｜把握高｜依据类型＝书页/简介。   
历史名人乱入｜荆轲、李白、项羽等被明确点名｜把握高｜依据类型＝简介。",把“穿越”玩成“被一群历史名人堵门”。,未见明显同名冲突。,,未知。,survey_not_ledger,deep_research,non_authoritative,w04_shallow50.md,2026-07-18T15:44:24+08:00
w04,ST-001,同时穿越：继承万界遗产,起点中文网,透明鸽子,高,证据：起点书页、QQ阅读页。,轻小说。,遮天起步的多世界同时穿越文。,节录——“人在遮天世界，同时穿越诸天万界。天赋悟性融合，战力无限叠加。”,主角一开始人在《遮天》世界，但不是单线穿越，而是同步分身到很多世界。最关键的外挂是不同世界的天赋、悟性和收益能融合叠加，所以他不是在一处慢慢练，而是多线一起喂一个本体。主冲突就是怎么把各世界资源转成自己真正的战力，同时不被大世界规则反噬。,"同时穿越｜题名与简介都明说｜把握高｜依据类型＝书页/简介。   
遮天同人底色｜简介第一落点就是“人在遮天世界”｜把握高｜依据类型＝简介。   
诸天资源叠加｜“天赋悟性融合，战力无限叠加”是核心机制｜把握高｜依据类型＝简介。",一人多线开挂，打的是“诸天并行刷资源”。,存在近名书《人在永生：同时穿越继承万界遗产》，但本书身份清楚。,,未知。,survey_not_ledger,deep_research,non_authoritative,w04_shallow50.md,2026-07-18T15:44:24+08:00
w04,ST-001,同时穿越：龙族分身流的龙之众,起点中文网,墨瑟无,高,证据：起点书页、QQ阅读页。,诸天无限。,以《龙族》为认知入口的搞活式同时穿越文。,节录——“穿越了，同时穿成九十九个世界的龙。”,这本更玩梗一点。主角不是在一个世界当龙，而是同时穿成九十九个世界里的各种“龙系存在”，从《龙族》混血种，到怪兽、恐龙、龙王模板一路乱入。开局冲突就是每个世界都不安全，而且身份差异极大；看点则是这些“龙分身”如何互相抬战力、抬设定，把分身流写成大型拼装现场。,"同时穿越｜官方直写“同时穿成九十九个世界”｜把握高｜依据类型＝简介。   
龙族同人｜题名直接点《龙族》｜把握高｜依据类型＝书页。   
分身流｜书名直接写“分身流”，机制也是多身份并行｜把握高｜依据类型＝书页/简介。",把“龙系模板”一次性开到九十九份。,未见明显同名冲突。,,未知。,survey_not_ledger,deep_research,non_authoritative,w04_shallow50.md,2026-07-18T15:44:24+08:00
w04,ST-001,吞噬星空2起源大陆,起点中文网,我吃西红柿,高,证据：起点书页、QQ阅读页。,科幻／未来世界。,《吞噬星空》续作，罗峰进入更高位面的升级冒险。,节录——“这是《吞噬星空》后续的第二部小说。罗峰带着界兽摩罗撒闯过轮回，来到了起源大陆……”,这本就是《吞噬星空》的后续线。罗峰已经不是起步新人了，而是带着前作积累直接进入“起源大陆”这种更高层级的新地图。开局冲突不是从零逆袭，而是老主角进入新世界后，怎么面对新的规则、敌人和上限，把前作宇宙级的成长继续往上推。,"经典续作｜官方直说是《吞噬星空》第二部｜把握高｜依据类型＝简介。   
老主角再开新地图｜罗峰与摩罗撒被明确写出｜把握高｜依据类型＝简介。   
科幻修炼混合感｜频道是“未来世界”，但读者接受面还是升级冒险｜把握高｜依据类型＝书页/简介。",不是换主角续命，是罗峰自己继续往上爬。,标题常见作《吞噬星空2：起源大陆》，与你给的无冒号版本为同书。,,未知。,survey_not_ledger,deep_research,non_authoritative,w04_shallow50.md,2026-07-18T15:44:24+08:00
w04,ST-001,吞噬进化：我重生成了北极狼,起点中文网,谁人最荒唐,高,证据：起点书页、起点检索页。,科幻小说。,重生成北极狼的进化争霸文。,节录——“当一幅卫星拍摄的北极照片传回各国时，地球人都被照片内容震惊了。”,主角直接重生成北极狼，开局就不是做人，而是以兽类身份在极地环境里求生、扩张、进化。随着进化越来越夸张，冲突也从单纯觅食升级成狼群、变异物种乃至更高层面的生存争霸。它不是单机求生，而是从一头狼慢慢长成能让整个人类世界都抬头看的北极霸主。,"重生成兽｜标题直接写“我重生成了北极狼”｜把握高｜依据类型＝书页。   
吞噬进化｜题名与简介都指向不断变强的进化路线｜把握高｜依据类型＝书页/简介。   
末世／灾变感｜卫星照片震动各国，说明影响已上升到全球层面｜把握高｜依据类型＝简介。",从北极求生写到全球抬头看狼。,未见明显同名冲突。,,未知。,survey_not_ledger,deep_research,non_authoritative,w04_shallow50.md,2026-07-18T15:44:24+08:00
w04,ST-001,呢喃诗章,起点中文网,咸鱼飞行家,高,证据：起点书页、起点检索页。,轻小说。,蒸汽时代背景的诡秘奇幻长篇。,节录——“来到蒸汽工业蓬勃发展的新世界，继承王国首都广场的三层公寓……”,主角来到一个蒸汽工业正盛的新世界，手里先拿到的是首都广场上的一栋公寓和一只猫，但真正缠上他的，是耳边持续出现的呢喃与这个世界背后的诡秘历史。开局看着像生活流落地，实际上主冲突是人在文明繁华表层之下，一步步卷进超自然事件和时代秘密。,"蒸汽奇幻｜官方直接写“蒸汽工业蓬勃发展的新世界”｜把握高｜依据类型＝简介。   
诡秘悬疑｜“耳边的呢喃”“诡秘而离奇的时代”是主调｜把握高｜依据类型＝简介。   
异世界落地流｜继承公寓、带着猫进入新世界，是明显开局坐标｜把握高｜依据类型＝简介。",表面是蒸汽都市，底下全是秘闻。,未见明显同名冲突。,,未知。,survey_not_ledger,deep_research,non_authoritative,w04_shallow50.md,2026-07-18T15:44:24+08:00
w04,ST-001,命之途,起点中文网,莫若梦兮,高,证据：起点书页。,仙侠小说。,逆命求道的长线修仙文。,节录——“顺应天命者，悲；逆应天命者，死！”,从官方文案看，这书的核心不是奇巧设定，而是很典型的“逆天命”修仙命题。开局就把问题抛得很狠：顺着命走也未必好，逆着命走更可能死。主角要走的，就是在这种天命压顶的设定下，硬找一条自己的路。冲突不是日常修炼，而是人与命运、人与天地规则之间的顶牛。,"逆命修仙｜简介直接对天命表态｜把握高｜依据类型＝简介。   
长线大篇幅｜公开连载规模极大，显然不是短篇仙侠｜把握高｜依据类型＝书页。   
命运命题重｜书名与简介都围着“命”打转｜把握高｜依据类型＝书页/简介。",老派修仙里的“跟天硬刚”。,未见明显同名冲突。,,未知。,survey_not_ledger,deep_research,non_authoritative,w04_shallow50.md,2026-07-18T15:44:24+08:00
w04,ST-001,咒术回战：开局几魂异性体,起点中文网,聂白希X,高,证据：起点书页、起点相关页。,轻小说。,《咒术回战》同人，开局把主角塞进高危设定。,节录——“什么，我是几魂异性体？”,主角逢真一睁眼就撞上《咒术回战》世界里极危险的“几魂异性体”设定，开局不是旁观主线，而是直接掉到真人那种高危核心机制边上。主冲突就是怎么在原作高死亡率世界里先保命，再搞清自己的身体和身份，到底是工具、怪物还是能反过来左右局势的人。,"咒回同人｜标题直接点《咒术回战》｜把握高｜依据类型＝书页。   
高危开局｜“几魂异性体”本身就是危险设定｜把握高｜依据类型＝简介。   
身体异变流｜主冲突显然围着“我是什么”展开｜把握高｜依据类型＝简介。",不是穿进咒回看戏，是开局先成设定中心。,未见明显同名冲突。,,未知。,survey_not_ledger,deep_research,non_authoritative,w04_shallow50.md,2026-07-18T15:44:24+08:00
w04,ST-001,咒术回战：我的术式名为假面骑士,起点中文网,三重身份,高,证据：起点书页、QQ阅读页。,轻小说。,把骑士梗和咒回体系拼接起来的同人文。,节录——“坏消息：林一来到了咒术回战的世界。好消息：他知道这个世界的全部剧情。”,林一穿进咒回世界，最好的优势是知道原作剧情，最怪的优势是自己的术式居然叫“假面骑士”。所以它的看点很明确：一个带剧透的人，拿着明显跨片场的骑士化能力，怎么在咒术师体系里找定位。主冲突是原作剧情线和原创骑士术式能不能真拼起来。,"咒回同人｜标题直写｜把握高｜依据类型＝书页。   
骑士要素混搭｜书名直接写“假面骑士”｜把握高｜依据类型＝书页。   
知剧情穿越｜简介写明知道全部剧情｜把握高｜依据类型＝简介。",剧透党拿骑士模板闯咒回。,未见明显同名冲突。,,未知。,survey_not_ledger,deep_research,non_authoritative,w04_shallow50.md,2026-07-18T15:44:24+08:00
w04,ST-001,咱当官的，养几个妖怎么了？,起点中文网,v穷鬼v,高,证据：起点书页、QQ阅读页。,仙侠／古典仙侠。,朝堂仕途和仙妖异事混写的古典仙侠。,节录——“他知道这乱世之下潜藏着妖魔仙鬼，助其完成夙愿宿命，便可得到还愿奖励。”,明辰身上有个特殊能力，能看出老树、白鸽之类的真实根脚，也能帮妖鬼仙魔完成夙愿换奖励。开局他是往功名仕途里钻的浪荡公子，但一进局就发现这世道表面是朝堂，底下全是妖魔仙鬼在活动。主冲突就是他一边做官、一边养妖、一边被更大的乱世和神魔秩序往上推。,"仕途仙侠｜既做官又卷仙妖鬼怪｜把握高｜依据类型＝简介。   
还愿奖励流｜“助其完成夙愿宿命，便可得到奖励”是明确机制｜把握高｜依据类型＝简介。   
妖鬼共世｜简介直接点“妖魔仙鬼”并非隐藏背景，而是公开冲突｜把握高｜依据类型＝简介。",书名像玩笑，实际是朝堂和妖界一起搞。,未见明显同名冲突。,,未知。,survey_not_ledger,deep_research,non_authoritative,w04_shallow50.md,2026-07-18T15:44:24+08:00
w04,ST-001,哥布林重度依赖,起点中文网,絮理,高,证据：起点书页、QQ阅读页。,奇幻／剑与魔法。,底层冒险者视角的伪 DND 西幻文。,节录——“一只哥布林的赏金是三枚银币。”,这书开局大小就定住了：不是屠龙勇者，而是底边冒险者。主角们天天忙活的现实问题很直接——清哥布林有钱拿，穷人就得去拼。于是冲突不是“拯救世界”，而是低等级冒险者在大杂烩世界观里靠任务、靠战斗、靠小命一点点往上爬。那种穷、脏、险的味道，比热血口号更重。,"西幻冒险｜频道原文“奇幻／剑与魔法”｜把握高｜依据类型＝书页。   
底层冒险者｜官方要素直接写“底边冒险者”｜把握高｜依据类型＝简介。   
伪DND｜官方要素里直接给出“伪DND”｜把握高｜依据类型＝简介。",不是英雄谭，是“穷冒险者为了三银币冲哥布林”。,未见明显同名冲突。,,未知。,survey_not_ledger,deep_research,non_authoritative,w04_shallow50.md,2026-07-18T15:44:24+08:00
w04,ST-001,嘉豪就变强？操场雨中舞剑开天门,番茄小说／QQ阅读公开页／起点近名页,落叶之刃／大大大大大大怪／给我一个大汉堡,低,证据：番茄 exact 题名页、QQ阅读 exact 题名页、起点近名页。,番茄页标“连载中都市”；QQ页标“都市／异术超能”；起点近名页标“都市小说”。,都市高武／异能装逼流，但题名、主角名、作者在公开页之间冲突明显。,节录——“结果，觉醒的是竟然是嘉豪成神系统。”,高概率是一个平行世界都市高武文。主角开局觉醒“嘉豪成神系统”，被系统逼着做各种看着像犯病、实际能换来高额战力的离谱动作，比如雨中操场舞剑。前期冲突是怎么顶着全校围观和嘲笑完成系统任务，后期冲突则升级成怪物降临、异魔入侵，主角用夸张剑道战力硬压全场。,"都市高武｜番茄作者页和作品页都落在都市高武感的路数｜把握中｜依据类型＝书页。   
系统流｜“嘉豪成神系统”是直写设定｜把握高｜依据类型＝简介。   
装逼反差流｜学校众人觉得他犯病，结果一剑开天门，是标准反差路径｜把握高｜依据类型＝简介。   
需认亲｜exact 题名在番茄与 QQ 页存在，作者、主角名又与起点近名版不一致｜把握高｜依据类型＝书页。",先社死，再开天门。,冲突明显。至少存在 exact 题名的番茄版与 QQ／创世版，还存在近名起点版《嘉豪就变强，操场雨中舞剑开天门》，作者、主角名都对不上，必须认亲。,,未知。,survey_not_ledger,deep_research,non_authoritative,w04_shallow50.md,2026-07-18T15:44:24+08:00
w04,ST-001,嘿，妖道,书单题名与官方现名存在冲突；高概率对应起点中文网《龙虎道主》,我是瞎混的,低,证据：起点《龙虎道主》书页、外站对同一链接的旧题名引用。,官方现页为“仙侠小说”；旧题名引用页也标“仙侠”。,借妖修仙、宗门经营味很重的仙侠文。,缺官方简介。书单题名“嘿，妖道”未在官方当前书页直接命中；公开可见的简介来自同链接旧题名引用页，可作认亲参考：“天地有灵机，万物食灵机而长……借妖修仙，摘取长生果。”,按现有公开线索，这本高概率就是现在起点上的《龙虎道主》。主角在一个万物皆可成妖、人却天生有缺的世界里修行，核心办法不是自己硬吃灵机，而是“借妖修仙”。开局冲突很清楚：人有修道智慧，却没有妖那种天然修行体质，所以只能想办法驾驭、培养、使用妖物，把这条歪路走成正道。,"借妖修仙｜旧题名公开简介里直接写明｜把握中｜依据类型＝书评/简介。   
宗门经营感｜多份外部讨论都把它视作主角养妖、立门派的仙侠文｜把握中｜依据类型＝书评。   
现名冲突需认亲｜官方书页现名是《龙虎道主》，不是《嘿，妖道》｜把握高｜依据类型＝书页。",妖修体质、人修脑子，凑一块修长生。,属“需认亲”而不是纯没找到。你的题名在公开官方书页未直出，高概率是旧名或民间简称，对应现名《龙虎道主》。,,未知。,survey_not_ledger,deep_research,non_authoritative,w04_shallow50.md,2026-07-18T15:44:24+08:00
w04,ST-001,噩梦使徒,起点中文网,温柔劝睡师,高,证据：起点书页、QQ阅读页。,悬疑灵异／侦探推理。,现实与噩梦世界交叠的长篇悬疑副本文。,节录——“这是噩梦世界，不然为什么我剪断了电话线，你这通电话还能打进来？”,杨逍开局看似在现实里卷进医院劫持案，但很快发现整个场景都有问题，外面的警笛、电话、走廊动静全不可信。也就是说，他不是单纯处在刑案里，而是被丢进一个会伪装现实的噩梦世界。主冲突就是在真假难辨、随时会死的梦境规则下找生路，还得搞清楚到底谁在操控这一切。,"噩梦副本｜标题与简介共同指向梦境世界｜把握高｜依据类型＝书页/简介。   
侦探推理｜频道原文如此标注｜把握高｜依据类型＝书页。   
现实失真｜电话线已断却还能接到电话，是典型“现实不可信”开局｜把握高｜依据类型＝简介。",先怀疑世界，再怀疑自己是不是还醒着。,未见明显同名冲突。,,未知。,survey_not_ledger,deep_research,non_authoritative,w04_shallow50.md,2026-07-18T15:44:24+08:00
w04,ST-001,四十九条末世规则,起点中文网,小草昂扬,高,证据：起点书页、QQ阅读页。,科幻／未来世界。,规则怪谈化的全球末世长线文。,节录——“末世规则一：睡眠剥夺……72小时内不能以任何形式进入睡眠状态。”,神秘存在“盗火者”降临天水星后，整个人类世界开始被一条条末世规则强制考验。主角关瞳的特殊点，是别人只能照规则硬扛，他却能看到规则背后的“隐藏规则”。开局冲突一下子就立住了：不遵守会死，单纯遵守也未必活，而他得在全球规则灾变里靠信息差和判断力熬过每一条。,"规则怪谈｜规则内容、惩罚写得很明确｜把握高｜依据类型＝简介。   
全球末世｜简介直写“全球都笼罩在末世规则的恐怖阴影之际”｜把握高｜依据类型＝简介。   
信息差主角｜关瞳能看到“隐藏规则”｜把握高｜依据类型＝简介。",别人背规则，他还得猜规则后面的坑。,未见明显同名冲突。,,未知。,survey_not_ledger,deep_research,non_authoritative,w04_shallow50.md,2026-07-18T15:44:24+08:00
w04,ST-001,四合院：我随身带着小当家,起点中文网,红豆菠萝包,高,证据：起点书页、QQ阅读页。,轻小说／衍生同人。,四合院年代文和《中华小当家》联动的同人混搭。,节录——“永灵刀？里面还有一个小当家？这是现实不是漫画啊喂。”,顾北穿到 1950 年代，住进南锣鼓巷九十五号院，本来是被安排去北京大饭店后厨学手艺，结果手里那把菜刀不对劲，直接把《中华小当家》的设定接了进来。开局冲突很简单：一个现代穿越者本来不想当厨子，却被超常厨艺外挂硬拽上厨师线，最后一路卷到国宴大厨。,"四合院同人｜题名直写“四合院”｜把握高｜依据类型＝书页。   
年代厨艺文｜时间点是 1950 年代，北京大饭店后厨是关键场景｜把握高｜依据类型＝简介。   
中华小当家联动｜永灵刀和“小当家”被官方文案明写｜把握高｜依据类型＝简介。",四合院世界里开出了发光料理外挂。,未见明显同名冲突。,,未知。,survey_not_ledger,deep_research,non_authoritative,w04_shallow50.md,2026-07-18T15:44:24+08:00
w04,ST-001,四重分裂,起点中文网,微叶梧桐,高,证据：起点书页。,游戏小说。,人格分裂设定驱动的虚拟网游长篇。,节录——“身患非典型人格分裂，墨檀表示自己压力很大。”,主角墨檀本身就有人格分裂问题，结果又遇上一款名叫《无罪之界》的游戏，于是现实心理问题和游戏世界人格切换叠在一起。开局冲突不是普通打怪升级，而是不同人格怎么在同一游戏里留下不同痕迹、制造不同立场，甚至互相扯后腿。它的看点，很大一块就在“分裂”本身。,"虚拟网游｜官方就是游戏小说，且有游戏名《无罪之界》｜把握高｜依据类型＝书页。   
人格分裂主角｜简介明写｜把握高｜依据类型＝简介。   
多视角／多立场｜“四重分裂”这个书名和设定天然指向多重身份冲突｜把握高｜依据类型＝书页/简介。",别人玩一个号，他像是四个人同时上号。,未见明显同名冲突。,,未知。,survey_not_ledger,deep_research,non_authoritative,w04_shallow50.md,2026-07-18T15:44:24+08:00
w04,ST-001,回到明朝当王爷,起点中文网,月关,高,证据：起点书页、中国作协相关文章。,历史小说。,正德朝架空历史穿越老经典。,节录——“阴差阳错间，乌龙九世善人郑少鹏回到了大明正德年间。”,郑少鹏阴差阳错穿到明朝正德年间，成了杨凌，从底层一路卷入东厂、西厂、外廷、锦衣卫和皇权之间的大漩涡。开局看着像普通穿越，真正的主冲突却是一个现代人怎么在荒诞、繁华又危险的正德朝里站稳位置，最后不只是保命，还要改局。,"明穿经典｜穿越正德朝是作品核心设定｜把握高｜依据类型＝书页/简介。   
架空权谋｜主冲突围着朝堂、特务机关、皇权运作｜把握高｜依据类型＝简介。   
历史爽文底色｜小人物入局再掌权，是典型老派历史爽文路径｜把握高｜依据类型＝书页/简介。",老派明穿里最有名那一挂。,未见明显同名冲突。,,未知。,survey_not_ledger,deep_research,non_authoritative,w04_shallow50.md,2026-07-18T15:44:24+08:00
w04,ST-001,国产区：有系统了还加入聊天群？,起点中文网,金锣潘大郎,高,证据：起点书页、QQ阅读页。,诸天无限／诸天。,系统+聊天群+多世界穿梭的诸天文。,节录——“本以为自己是诸天流主角的罗素……一声提示音响起，告知他被拉入了万界聊天群。”,罗素本来就像个诸天流主角，正琢磨怎么捞第一桶金，结果又多领了个“万界聊天群”设定。叶凡、萧炎、路明非、韩立这些群友一来，局面瞬间变成多世界联动。开局冲突就是：有系统本来已经够能折腾了，再叠个聊天群，主角得学会怎么把群资源、穿越收益和自己的成长线拧成一根绳。,"聊天群｜简介明确写“万界聊天群”｜把握高｜依据类型＝简介。   
诸天流｜频道原文就是“诸天”｜把握高｜依据类型＝书页。   
系统叠加流｜标题直写“有系统了还加入聊天群”｜把握高｜依据类型＝书页。",属于“外挂已经够多了，还要再多一个”的类型。,未见明显同名冲突。,,未知。,survey_not_ledger,deep_research,non_authoritative,w04_shallow50.md,2026-07-18T15:44:24+08:00
w04,ST-001,国术：从被武警搜山击毙开始见神,番茄小说,四夕刂,高,证据：番茄作品页、番茄作者页。,连载中｜都市高武。,国术黑化复仇后再转民国重走武道的高武文。,节录——“挑战法律红线的陈洪武最终被武警部队击毙。一朝醒来，却发现自己成了民国富少爷。”,陈洪武先在现代社会里因为复仇和越线行为被武警击毙，结果死后没完，直接转到民国富少爷身上重开。新世界不是单纯旧时代，而是军阀、列强、妖魅魍魉都在的高危民国。开局最大的冲突，就是他要把前世练出来的国术重新走到“见神”那一步，同时面对人间秩序和超常存在双重压迫。,"国术流｜题名和简介反复强调国术境界｜把握高｜依据类型＝书页/简介。   
转世重开｜现代被击毙后，一朝醒来成民国少爷｜把握高｜依据类型＝简介。   
民国高武｜简介里既有民国割据，又有高武境界与妖魅｜把握高｜依据类型＝简介。",先死一遍，再去民国把拳头打成神话。,未见明显同名冲突。,,未知。,survey_not_ledger,deep_research,non_authoritative,w04_shallow50.md,2026-07-18T15:44:24+08:00
w04,ST-001,国民法医,起点中文网,志鸟村,高,证据：起点书页、QQ阅读页。,都市小说。,刑侦技术流里的法医／痕检职业文。,节录——“尸体：请问你礼貌吗？”,这本不是玄学破案，而是明显往法医、痕检、指纹鉴定这些硬职业技能上靠。公开目录里一开头就有“指纹鉴定”“犯罪现场勘查”等关键词，说明主角江远（书页列为主要角色）不是靠嘴炮推理，而是靠技术和流程吃饭。开局冲突就是一个年轻技术人员怎么在刑案现场站住、被看见、把案子做出来。,"法医刑侦｜书名已经点出来，目录也对得上｜把握高｜依据类型＝书页。   
技术流破案｜“指纹鉴定”“犯罪现场勘查”等目录信息很硬｜把握高｜依据类型＝书页。   
职业成长文｜不是天降神探，更像专业人员成长线｜把握高｜依据类型＝书页/目录。",主打“拿技术说话”的刑侦职业文。,未见明显同名冲突。,,未知。,survey_not_ledger,deep_research,non_authoritative,w04_shallow50.md,2026-07-18T15:44:24+08:00
w04,ST-001,在古代做个小县官,起点女生网,好酸的杨梅,高,证据：起点书页、QQ阅读页。,架空／种田／基建／无CP。,女扮男装小县官下基层搞民生的古代基建文。,节录——“孟长青穿越古代，为保家产，自幼女扮男装……被发配至最北地做个小官。”,孟长青穿到古代后，为保家产只能女扮男装，结果又因为得罪权贵，被扔去最北边当小县官。她本来还想去地方当个“土皇帝”，一到地方才发现百姓饿到吃土、冻死大半，根本没法摆烂。开局冲突因此很清楚：她得先把这个烂到底的县救活，再谈自己的自由与仕途。,"女扮男装｜官方直写｜把握高｜依据类型＝简介。   
基层治理／基建｜“种田／基建”就在官方标注里｜把握高｜依据类型＝书页。   
无CP古代事业文｜官方标明无CP，主线也在治县救民｜把握高｜依据类型＝书页/简介。",不是宫斗，是去边地把县城从废墟里拽起来。,未见明显同名冲突。,,未知。,survey_not_ledger,deep_research,non_authoritative,w04_shallow50.md,2026-07-18T15:44:24+08:00
w04,ST-001,地煞七十二变,番茄小说,祭酒,高,证据：番茄作品页、起点相关检索页。,连载中｜悬疑灵异｜悬疑｜灵异｜穿越｜捉鬼。,古代妖异世界中的斩妖捉鬼升级文。,节录——“一本神奇的黄壳书将李长安送回古代世界，每斩杀一个妖魔，就获得一项神通。”,李长安不是去了普通古代，而是被一本黄壳书送进一个妖鬼横行的旧世界。开局最大的生存规则很硬：杀掉一个妖魔，才能拿一门神通，所以他不是单纯旅行，而是被推着去斩妖、活命、变强。主冲突就是在越来越怪、越来越危险的妖异世界里，靠神通一点点往前打。,"古代妖异｜地点是古代，敌対对象是妖魔鬼怪｜把握高｜依据类型＝简介。   
神通升级流｜“每斩杀一个妖魔，就获得一项神通”是核心机制｜把握高｜依据类型＝简介。   
捉鬼斩妖｜番茄标签直接含“捉鬼”｜把握高｜依据类型＝书页。",像志怪公路片，也像斩妖升级账。,未见明显同名冲突。,,未知。,survey_not_ledger,deep_research,non_authoritative,w04_shallow50.md,2026-07-18T15:44:24+08:00
w04,ST-001,坐看仙倾,起点中文网,错哪儿了,高,证据：起点书页、QQ阅读页。,仙侠小说。,大学生误入仙侠世界的长线求生修行文。,节录——“我是大学生，我迷路了，这里的人都叫我季少爷。”,主角开局那句“我是大学生，我迷路了”已经把调子定住：现代人突然被塞到一个陌生仙侠秩序里。别人把他当季少爷，可他自己连局面都没搞明白，说明身份、处境、世界规则全是问题。主冲突就是一个现代视角的人，怎么在仙凡分层很硬的世界里先认清身份，再决定是苟着活、还是往上修。,现代人入仙侠世界｜大学生视角是明确信息｜把握高｜依据类型＝简介。,先搞清自己是谁，再谈成仙。,未见明显同名冲突。,,未知。,survey_not_ledger,deep_research,non_authoritative,w04_shallow50.md,2026-07-18T15:44:24+08:00
w04,ST-001,堑壕大栓与魔法,起点中文网,咸嘉湖灵感大王,高,证据：起点书页、起点相关页。,科幻小说。,一战堑壕味和魔法体系混搭的战争幻想文。,节录——“莫林被人一拳打醒后，发现自己成了个战俘。原以为这是个类似一战爆发前夜的世界……”,莫林开局就是战俘，直接掉进一个外观看着像一战前夜、但实际比一战还糟的世界。坏就坏在这里不只是堑壕和火炮，还有魔法与更大的世界规则混在一起。主冲突因此也很硬：他得先从战争机器里活下来，再搞明白自己究竟是在“科技战争世界”还是“魔法战争世界”里打仗。,"战争幻想｜战俘、一战前夜、堑壕就是战争底色｜把握高｜依据类型＝简介。   
科技与魔法混搭｜书名直接写“与魔法”，简介也写实际情况更糟｜把握高｜依据类型＝书页/简介。   
硬环境求生｜开局战俘意味着先求活｜把握高｜依据类型＝简介。",堑壕里不只飞子弹，可能还飞法术。,未见明显同名冲突。,,未知。,survey_not_ledger,deep_research,non_authoritative,w04_shallow50.md,2026-07-18T15:44:24+08:00
w04,ST-001,塔防领主，开局随机许愿塔,起点中文网,未从公开检索片段直接见作者名，书页身份可确认,高,证据：起点书页、起点检索页。,游戏小说。,全民塔防求生里的领主养成文。,节录——“林川惊讶地发现，自己开局随机的防御塔居然是许愿塔。”,灾难一来，所有人被送进塔防禁地求生，主角林川的起步优势是随机防御塔抽到了“许愿塔”。这意味着他不是只有一座塔，而是每天能靠许愿不断开新牌堆。开局冲突很直接：别人也在守塔活命，他却要抢在别人前面把资源、塔种和领地雪球滚起来。,"塔防求生｜官方直接写“全民塔防求生”｜把握高｜依据类型＝简介。   
领主经营｜题名直写“领主”｜把握高｜依据类型＝书页。   
随机开局优势｜许愿塔是初始外挂｜把握高｜依据类型＝简介。",别人抽普通塔，他开局抽到许愿机。,未见明显同名冲突。,,未知。,survey_not_ledger,deep_research,non_authoritative,w04_shallow50.md,2026-07-18T15:44:24+08:00
w04,ST-001,多我一个后富怎么了,起点中文网,渔雪,高,证据：起点书页、起点相关页。,都市小说。,踩雷中年人回档后改写财富轨迹的都市创业文。,节录——“初学医，未能从业，后贩电视，遇下周回国，遂共享经济，押金不退，再投身地产……”,俞兴像是专门踩时代大坑的人：学医没上岸，去乐视、去小黄车、去地产，全赶上最雷的时候。然后他在一地鸡毛的暴雷人生后，像是从梦里醒回来，重新站在更早的时间点上。开局冲突就是：知道大坑在哪里的人，能不能真靠重来一次，少踩雷、多赚钱，甚至走出另一条“后富”路线。,"都市回档｜“暴雷梦醒”与更早时间点重来是关键动机｜把握高｜依据类型＝简介。   
创业踩雷文｜乐视、小黄车、恒大等时代坑被串成主线｜把握高｜依据类型＝简介。   
现实商业题材｜不是空想神豪，更贴近现实商业节点｜把握高｜依据类型＝简介。",把“踩过的时代大雷”全部拿来当二周目攻略。,未见明显同名冲突。,,未知。,survey_not_ledger,deep_research,non_authoritative,w04_shallow50.md,2026-07-18T15:44:24+08:00
w04,ST-001,夜无疆,起点中文网,辰东,高,证据：起点书页、起点相关页。,玄幻小说。,黑夜降临世界观下的东方玄幻长篇。,节录——“那一天太阳落下再也没有升起……”,这本开局气氛很猛：太阳落下后再没升起，世界长期停在黑夜里。主角秦铭就在这种大环境里起步，意味着他的成长不是普通修炼，而是直接和一个失去日常秩序、失去光明常态的世界打交道。主冲突一边是个人成长，一边是这片无疆黑夜到底藏着什么、会把人逼去哪里。,"黑夜末日感｜“太阳落下再也没有升起”是根设定｜把握高｜依据类型＝简介。   
东方玄幻｜辰东作品系，频道也标“玄幻”｜把握高｜依据类型＝书页。   
大世界成长线｜主角角色名和长篇规模都说明是大展开｜把握高｜依据类型＝书页。",辰东式“大世界”先把太阳给你关了。,未见明显同名冲突。,,未知。,survey_not_ledger,deep_research,non_authoritative,w04_shallow50.md,2026-07-18T15:44:24+08:00
w04,ST-001,大主宰,起点中文网,天蚕土豆,高,证据：起点书页、起点检索页。,玄幻。,大世界位面升级流玄幻代表作。,节录——“大千世界，位面交汇，万族林立……”,牧尘从北灵境起步，原本是有资格走“灵路”的天才，却在关键试炼里出局，名声和前途一起受影响。开局冲突因此很标准也很有效：一个被质疑、被看低的少年，要在位面交汇、强者林立的大千世界里重新证明自己，最后往“主宰”位置冲。,"大世界升级流｜位面交汇、万族林立就是大世界模板｜把握高｜依据类型＝简介。   
少年逆袭｜牧尘起步并不顺，被踢出灵路是关键矛盾｜把握高｜依据类型＝简介。   
传统玄幻热血｜频道玄幻，且是典型少年成长路线｜把握高｜依据类型＝书页/简介。",典型天蚕土豆味的大世界热血升级。,未见明显同名冲突。,,未知。,survey_not_ledger,deep_research,non_authoritative,w04_shallow50.md,2026-07-18T15:44:24+08:00
w04,ST-001,大乘期才有逆袭系统,起点中文网,最白的乌鸦,高,证据：起点书页、QQ阅读页。,仙侠／修真文明。,无敌起步反向玩梗的欢乐修仙文。,节录——“五百年后，他成为九州最强者，突然出现一个系统。”,江离最搞笑的地方在于，别人都是系统辅助成长，他是已经熬到大乘期、成了九州最强以后，系统才姗姗来迟。于是开局冲突不是“怎么升级”，而是这个晚到五百年的系统能不能干点正事，以及一个本来就无敌的人，怎么把迟到金手指玩成梗点和剧情推进器。,"反套路系统文｜系统来得太晚就是最大笑点｜把握高｜依据类型＝简介。   
欢乐修仙｜官方直接写“本书欢乐向”｜把握高｜依据类型＝简介。   
无敌起步｜大乘期才有系统，说明主角起步段位已极高｜把握高｜依据类型＝简介。",系统想带飞，发现宿主早就飞完了。,未见明显同名冲突。,,未知。,survey_not_ledger,deep_research,non_authoritative,w04_shallow50.md,2026-07-18T15:44:24+08:00
w04,ST-001,大修真时代,起点中文网,陌路行,中,证据：起点《大修真时代》页、起点《大修真时代1.0》页。,仙侠小说。,灵气回归后的现代修真纪元文。,节录——“两千一百三十六年前，法则与天轨回归，灵气重现，整个世界发生了剧变。”,这书不是纯古修仙，而是现代世界进入“大修真时代”的设定：法则和天轨回归以后，灵气重现，整个社会结构跟着变。开局冲突不是个人穿越，而是普通人怎么在一个刚完成修真化的世界里找位置、找资源、找上升路。麻烦点在于公开页面同时存在《大修真时代》与《大修真时代1.0》，要认清版本。,"灵气复苏修真｜“法则与天轨回归，灵气重现”是核心设定｜把握高｜依据类型＝简介。   
现代修真纪元｜强调的是“时代”变化，不是单人穿游｜把握高｜依据类型＝简介。   
需认亲｜公开官方检索同时存在《大修真时代》与《大修真时代1.0》｜把握高｜依据类型＝书页。",不是一个人修仙，是整个时代一起修。,有版本／题名冲突，需区分《大修真时代》与《大修真时代1.0》。,,未知。,survey_not_ledger,deep_research,non_authoritative,w04_shallow50.md,2026-07-18T15:44:24+08:00
w04,ST-001,大唐之寒门的奋斗,起点中文网,黑虎村民,高,证据：起点书页、QQ阅读页。,历史／两晋隋唐。,武德到贞观线的寒门上升文。,节录——“穿越大唐，一个寒门崛起的故事。”,陈百一穿进大唐武德年间，身份不高，是庶族寒门。开局不是什么皇子王孙，而是先熬身份、看时局，一边修身养望，一边等玄武门这类历史节点发酵，然后趁着贞观时代往上走。主冲突就是寒门怎么借时代红利翻身，同时又不被大人物和大事件随手碾过去。,"隋唐历史穿越｜武德、玄武门、贞观都写明了｜把握高｜依据类型＝简介。   
寒门崛起｜简介直接说寒门崛起｜把握高｜依据类型＝简介。   
家族经营感｜“带领家族飞黄腾达”说明不止个人仕途｜把握高｜依据类型＝简介。",在大唐开局没背景，只能拿眼光和耐心熬。,未见明显同名冲突。,,未知。,survey_not_ledger,deep_research,non_authoritative,w04_shallow50.md,2026-07-18T15:44:24+08:00
w04,ST-001,大唐有喷子,起点中文网,魂空幻梦,高,证据：起点书页、QQ阅读页。,历史／两晋隋唐。,贞观朝嘴炮型历史轻喜剧。,节录——“我张尚，大唐嘴强王者，贞观头号喷子。”,张尚穿进贞观朝，最大武器不是兵法也不是科技，而是一张嘴。上能怼李世民，下能喷百官，还把“闻风奏事”玩成零帧起手。开局冲突就是一个嘴硬到离谱的人，怎么在皇帝、名臣、勋贵一大堆高压人物面前活下来，还真把自己的“喷子”功能喷成对时代有用的事。,"贞观背景｜简介直接点名贞观｜把握高｜依据类型＝简介。   
嘴炮主角｜“头号喷子”就是人设核心｜把握高｜依据类型＝简介。   
历史轻喜剧｜内容走向明显偏搞笑讽刺｜把握高｜依据类型＝简介。",靠嘴输出打穿大唐朝堂。,未见明显同名冲突。,,未知。,survey_not_ledger,deep_research,non_authoritative,w04_shallow50.md,2026-07-18T15:44:24+08:00
w04,ST-001,大国院士,起点中文网,少一尾的九尾猫,高,证据：起点书页、QQ阅读页。,科幻小说。,院士重生后带国家科技线起飞的强国文。,节录——“一场航空灾难，让2034年的院士徐川，重生回到了2014年。”,徐川本来是 2034 年的院士，一场空难把他送回 2014。重来一次以后，他不是去谈恋爱逆袭，而是把精力全砸到科研和国家技术突破上：核废料、可控核聚变、数学难题、时空奥秘，全是一条线。开局冲突就是在国家还没完全起飞的阶段，他能不能用先知视角和科研能力，把关键节点提前拉起来。,"科技强国｜简介明确写“将祖国的科技拉上全球巅峰”｜把握高｜依据类型＝简介。   
重生科研文｜院士重生回 2014 是核心设定｜把握高｜依据类型＝简介。   
学霸院士升级流｜从竞赛、数学到能源科技一路往上｜把握高｜依据类型＝简介/目录。",把个人重生爽点，全换成国家科研进度条。,未见明显同名冲突。,,未知。,survey_not_ledger,deep_research,non_authoritative,w04_shallow50.md,2026-07-18T15:44:24+08:00
w04,ST-001,大圣传,起点中文网,说梦者,高,证据：起点书页、第三方全文页。,仙侠小说。,少年踏入妖魔修行世界的老牌仙侠长篇。,节录——“少年走出山村，踏遍天下，一步步跨入传说中，成为神话般的不朽存在。”,主角从山村起步，最开始站位并不高，但书名里的“大圣”不是随便喊的，它意味着主角会一路从人间少年，走到妖魔与神话层面的高处。开局冲突就是一个普通少年怎样在吃人且讲弱肉强食的修行世界里活下去、变强、找自己的道，最终把“传说”变成自己的人生位置。,"妖魔修行｜起点书页直接说“大圣是妖魔中的至高无上者”｜把握高｜依据类型＝简介。   
少年成长长篇｜“少年走出山村”是非常标准的起笔方式｜把握高｜依据类型＝简介。   
老牌仙侠｜作品连载历史和影响力都很老牌｜把握高｜依据类型＝书页。",从山村少年一路修到“大圣”名号。,未见明显同名冲突。,,"未知。

来源：ChatGPT",survey_not_ledger,deep_research,non_authoritative,w04_shallow50.md,2026-07-18T15:44:24+08:00
w05,ST-001,LOL：世界第一红温型中单！,起点中文网／QQ阅读可见,手速,高,证据见起点书页、QQ阅读页。,游戏·电子竞技。,LOL 中单位职业赛场文。,节录“我叫吕奕……”；公开简介未完整展开，但作品定位清晰，且全书完。,从题名看，这本主打的不是传统稳健中单，而是“红温型”——情绪上头、压制感强、能把赛场和舆论一起点燃的选手路线。主角吕奕会从职业环境的怀疑、博弈和成绩压力里一路打出来，核心目标当然是世界第一，但冲突点在于这种风格能不能既赢比赛，又扛住外部风评。它卖的是操作、性格和赛场情绪值。,LOL｜题名明确｜高｜书页；电子竞技｜,偏“火力全开型”选手人设。,无明显冲突。,,未知。,survey_not_ledger,deep_research,non_authoritative,w05_shallow50.md,2026-07-18T16:43:34+08:00
w05,ST-001,LOL：你也不想被全网直播吧？,起点中文网／QQ阅读可见,南风拂我意,高,证据见起点书页、QQ阅读页。,游戏·电子竞技。,LOL 重生职业电竞文。,节录“我叫陈一秋，我重生了……我决定——冒充 Faker。”,陈一秋重生到 S6 阶段，还成了 RNG 队员，但他的处境很微妙：既需要实战检验自己，又不想太早暴露，于是想出了一个离谱但很抓人的办法——冒充 Faker 打排位。开局冲突就是“藏,LOL｜题名与简介完全一致｜高｜书页；重生电竞｜官方简介明写｜高｜书页；直播舆论｜题名核心冲突就是“被全网直播”｜高｜书页。,先靠“冒充 Faker”起爆，再往职业线走。,无明显冲突。,,未知。,survey_not_ledger,deep_research,non_authoritative,w05_shallow50.md,2026-07-18T16:43:34+08:00
w05,ST-001,中华联邦之帝国再起,作者铁骑洪流,中低,中低,作者铁骑洪流｜中低｜公开只在镜像站与 Booklink 侧看见稳定题名、作者信息，未检到可靠原发平台页。,镜像多标“同人小说/原创同人”。,架空帝国/机战向同人。,缺官方简介。,从题名和公开章节内容看，这本像是以“中华联邦”这一架空国家为核心，写穿越者或核心角色如何在旧秩序里重新掌权、清洗贵族宦官、推进帝国再起。正文气质更偏政治权谋、国家经营和大势推进，不像单线升级文。开局冲突不是个人恩怨，而是“这个国家烂成这样，要怎么重新拉起来”。,架空帝国｜题名非常明确｜中｜题名/章节；政治权谋｜公开章节内容支持｜中｜章节页；同人衍生｜镜像分类如此标｜低｜镜像分类。,,原发平台未检明，需认亲。,,未知。,survey_not_ledger,deep_research,non_authoritative,w05_shallow50.md,2026-07-18T16:43:34+08:00
w05,ST-001,什么年代了，还在传统制卡,起点中文网,逆苍天犯大病,高,证据见起点书页、起点推荐页。,科幻。,异世界制卡/卡牌构筑文。,节录“我曾是称霸落日森林的哥布林暴君……”,这本的爆点在于“传统制卡”四个字：别人按老思路做卡，主角明显要拿更离谱、更现代或更外挂的思路去重构卡牌体系。开局通过多个前,制卡｜题名核心｜高｜书页；卡牌构筑/创新体系｜“还在传统制卡”就是冲突点｜高｜书页；异世界升级｜官方简介气质吻合｜中｜简介。,卖点不是“会打牌”，而是“会掀桌改规则”。,无明显冲突。,,官方可见第 1 章《卡师系统？轮回系统！》。,survey_not_ledger,deep_research,non_authoritative,w05_shallow50.md,2026-07-18T16:43:34+08:00
w05,ST-001,医生日常，我的治疗值在涨,起点中文网,残鸢逐梦,高,证据见起点书页、QQ阅读页。,都市。,医学生/青年医生系统日常文。,节录“肛肠科硕士陆仁鑫很苦恼。马上就要毕业了可他还没达到学校的毕业要求……”,陆仁鑫是肛肠科硕士，开局最大的麻烦非常现实——临近毕业，要求没达标，学位证都悬。他在焦头烂额时绑定了和医疗能力相关的系统或成长机制，于是日常工作、临床实操、师生关系和小型病例都变成了他涨“治疗值”的地方。主冲突不是救世界，而是年轻医生怎么从狼狈菜鸟，熬成能独当一面的临床人。,医生职场｜毕业—科室—临床的线很清楚｜高｜书页；系统成长｜“治疗值”就是核心机制｜高｜书名/书页；日常流｜题名与简介直给｜高｜书页。,偏新人医生升级流，不是神医秒天秒地。,无明显冲突。,,未知。,survey_not_ledger,deep_research,non_authoritative,w05_shallow50.md,2026-07-18T16:43:34+08:00
w05,ST-001,医生：我在医院捡属性,起点中文网／QQ阅读可见,最爱吃炸土豆,高,证据见起点书页、QQ阅读页。,都市·都市生活。,外科医生系统升级文。,节录“年轻的外科医生赵恒觉醒了异能，他能在医院捡到各种医学类的属性……”,赵恒是年轻外科医生，开局在医院里又忙又普通，结果突然觉醒“捡属性”的能力，别人做手术、查房、接诊留下的医学能力碎片，他居然能捡。于是普通住院医生的工作现场，一下子变成了他的升级地图。冲突一方面是职业成长很难、天花板高，另一方面是他这种外挂到底怎么在真实医院体系里兑现成真本事。,医生职场｜设定和场景非常稳｜高｜书页；系统/异能｜简介明写｜高｜书页；外科成长｜“年轻的外科医生”开局｜高｜书页。,把医院写成了技能掉落副本。,无明显冲突。,,未知。,survey_not_ledger,deep_research,non_authoritative,w05_shallow50.md,2026-07-18T16:43:34+08:00
w05,ST-001,半岛：从深夜食堂开始,起点中文网／QQ阅读可见,大王加菲,高,证据见起点书页、QQ阅读页。,都市·娱乐明星。,韩娱加中餐馆创业文。,节录“韩娱撒糖文，单女主郑秀晶。穿越到2012年的首尔，苏承佑本想开家中餐厅……”,苏承佑穿到 2012 年首尔，原本只想安安稳稳开一家中餐深夜食堂，结果在与郑秀晶相遇后，感情线和事业线一起开跑。他不是只会炒菜的店老板，后面还敲代码、做平台，把创业线逐步做大。开局冲突是“想平淡过日子”与“被人和时代推着往前冲”之间的拉扯。,韩娱｜简介明写单女主郑秀晶｜高｜书页；美食/餐馆经营｜深夜食堂就是起点设定｜高｜书页；创业｜后续简介写到互联网产品｜高｜书页。,不是单纯恋爱文，事业线也铺得挺大。,无明显冲突。,,未知。,survey_not_ledger,deep_research,non_authoritative,w05_shallow50.md,2026-07-18T16:43:34+08:00
w05,ST-001,宇宙无限食堂,起点中文网／QQ阅读可见,小呆昭,高,证据见起点书页、QQ阅读页。,科幻·时空穿梭。,位面探索加餐馆经营的美食文。,节录“著名毒舌美食评论家唐日杰已经连干了三大碗饭……”,待业大学生马陆捡到异位面机械生命体“老王”，两人合伙开餐馆，但真正的核心不是普通进货，而是穿越不同宇宙去采集奇葩食材。开局冲突就是小店怎么活下来，往后很快升级成“去哪找食材、如何把异界玩意儿端上桌、怎么应付越来越离谱的食客和位面风险”。这本把探索和经营缝得很顺。,美食｜餐馆与菜品是主轴｜高｜书页；经营｜餐馆经营明确｜高｜书页；位面探索｜官方标签与正文设定一致｜高｜书页。,像把“开店文”和“位面冒险”揉在了一口锅里。,无明显冲突。,,未知。,survey_not_ledger,deep_research,non_authoritative,w05_shallow50.md,2026-07-18T16:43:34+08:00
w05,ST-001,废土法典,起点中文网,冷水澡,高,证据见起点书页、QQ阅读页。,都市·都市生活。,废土背景下的边境执法与规则生存文。,节录“我曾亲眼看着，法律被一张张撕碎……”；官方页可见更长简介。,主角陆炼原本只是个混得不顺的小群演，结果一头撞进“第二纪元”的边境风暴里，还莫名其妙坐上了边境法庭的审判席。这个世界表面还有法律和秩序，底下却早被神魔残响、家族利益和黑市规则啃得七零八落。他要做的不是单纯打怪，而是在一堆会吃人的“制度缝隙”里活下来，再把规则重新握回自己手里。,废土｜简介明示“第二纪元”与边境秩序崩坏｜高｜书页；执法/审判｜起手就是“坐上审判席”｜高｜简介；都市黑色幽默｜法条对怪物的反差感很强｜中｜简介。,把废土写成了“拿规则当武器”的路子。,未见强冲突。,,未知。,survey_not_ledger,deep_research,non_authoritative,w05_shallow50.md,2026-07-18T16:43:34+08:00
w05,ST-001,废土边境检查官,起点中文网,斤斤斤,高,证据见起点书页、分享页。,科幻·末世危机。,废土生存加边检执法文。,节录“穿越到感染体肆虐、天灾不断的废土，程野成为了幸福城的边境检查官……”,程野穿进末世废土后，没有直接当猎荒者或军头，而是成了幸福城的边境检查官。听上去像文职，实则天天要面对感染体、难民、黑市和外来势力，开局就得在“谁能进城、谁身上有问题、谁会带来灾祸”这些事情里赌命。主冲突是边境秩序怎么守、自己怎么活，以及这座城到底值不值得他继续守下去。,废土｜世界观明写感染体与天灾｜高｜书页；末世危机｜,末世题里少见的“边检官”切口。,无明显冲突。,,未知。,survey_not_ledger,deep_research,non_authoritative,w05_shallow50.md,2026-07-18T16:43:34+08:00
w05,ST-001,快穿成反派大佬的女儿后我躺赢了,起点中文网,阴阳殿,高,证据见起点书页、搜书页。,科幻空间·时空穿梭。,快穿亲情线反派养女文。,公开页能锁定题名、频道与完结状态；完整简介在书页可见，但搜索摘要未全量展开。,女主不是去快穿世界里谈普通攻略恋爱，而是以“反派大佬的女儿”这种位置切进去。开局重点通常不在逆袭别人，而在怎么借这个,快穿｜,把快穿里的“救反派”改成了“当反派家属”。,无明显冲突。,,未知。,survey_not_ledger,deep_research,non_authoritative,w05_shallow50.md,2026-07-18T16:43:34+08:00
w05,ST-001,战神联盟：王者之路2,QQ阅读,雨安尘,高,证据见 QQ 阅读作品页、章节页。,轻小说。,动漫/游戏向同人续作。,节录“火热动漫赛尔号……擂台赛结束后，小米突然在战神联盟面前消失……”,这本明显是《赛尔号》相关的衍生同人。故事从擂台赛之后展开，小米失踪，雷伊、盖亚、卡修斯、布莱克和缪斯重新踏上寻找与并肩作战的路。开局目标很明确，就是找回伙伴并继续战神联盟的冒险；主冲突则来源于新的敌人、失踪谜团以及团队再度集结后的战斗考验。读者门槛不算低，更适合已经知道原作人物关系的人。,同人衍生｜简介直接点名赛尔号角色｜高｜书页；团队冒险｜战神联盟集结推进｜高｜简介；少年向热血｜平台与简介气质都吻合｜中｜书页。,标准“原作角色继续打下去”的续篇同人。,未见强冲突。,,未知。,survey_not_ledger,deep_research,non_authoritative,w05_shallow50.md,2026-07-18T16:43:34+08:00
w05,ST-001,晚年大帝，被妹妹召唤国运求生？,番茄小说,七十岁殿堂之资,高,证据见番茄作品页、作者页。,都市高武｜都市｜穿越｜直播｜求生。,玄天界晚年大帝反向接入蓝星国运游戏。,节录“陆离穿越玄天界，帝路争锋，成为永夜魔帝。万年后……他却听到了来自蓝星妹妹的呼唤。”,陆离在玄天界打到大帝级别，活到晚年，本来都快走向“强者谢幕”了，结果妹妹陆雪瑶在蓝星觉醒仪式上把他的投影召唤出来，国运游戏也同步降临。开局最有意思的点是,国运求生｜简介明写｜高｜书页；直播｜平台频道标签有直播｜高｜书页；高武/玄幻降维｜简介明确大帝设定｜高｜书页。,把“晚年大帝”拉去打国运本，反差很大。,无明显冲突。,,未知。,survey_not_ledger,deep_research,non_authoritative,w05_shallow50.md,2026-07-18T16:43:34+08:00
w05,ST-001,末世大洪水：女邻居上门借粮,起点中文网／QQ阅读可见,平步庆云,高,证据见起点书页、QQ阅读页。,科幻·末世危机。,大洪水天灾下的居家囤货生存文。,节录“连续不断半年的强降雨，全球各地大洪水爆发……”,梁源所在的世界被持续大雨和全球洪水打穿，所有人被困家里，吃喝和秩序一起崩掉。他意外觉醒抽奖系统，能搞到生活物资甚至属性点，于是当别人还在断粮断电时，他已经开始建立自己的生存优势。开局最直观的冲突，就是标题那一幕：女邻居来借粮，但末世里借出去的从来不只是吃的，也意味着风险和边界。,末世天灾｜大洪水是主灾种｜高｜书页；囤货生存｜简介高度匹配｜高｜书页；系统｜抽奖系统明写｜高｜书页。,末世题里很标准的“先保自己家门口”路线。,无明显冲突。,,官方可见第 1 章《大洪水》。,survey_not_ledger,deep_research,non_authoritative,w05_shallow50.md,2026-07-18T16:43:34+08:00
w05,ST-001,末世天灾：从打造避难所开始,起点中文网,夏天的葡萄,高,证据见起点书页、红袖推荐页。,科幻。,极端天灾下的避难所建设文。,节录“高温+冰河末日+地球解体+避难所升级……”,这本不是单灾种末世，而是高温、冰河、地球解体等多种极端气候轮番上场，主角苏武要做的第一件事也不是到处跑，而是把避难所先搭起来。开局冲突很工整：资源有限、灾难逼近、时间极短，你不先把“住哪、怎么活、怎么防”解决，后面什么都没得谈。于是主线就成了以避难所为中心的末世经营和防御升级。,末世天灾｜官方简介明写多灾种｜高｜书页；避难所建设｜题名核心｜高｜书页；升级经营｜“打造”二字已点透｜高｜书页。,比打怪更重“基础设施先活命”。,无明显冲突。,,未知。,survey_not_ledger,deep_research,non_authoritative,w05_shallow50.md,2026-07-18T16:43:34+08:00
w05,ST-001,机甲星辰战记,起点中文网,陈晓堃,高,证据见起点搜索结果、分享页。,科幻空间。,女性向机甲星际成长文。,缺完整官方简介，公开可见信息主要是书名、作者与科幻空间分类，故,从题名、平台分类和“机甲星辰战记”这一设定看，这本大概率是以星际战场和机甲操控为核心，走个人成长加战斗冒险路线。开局通常不会离开学校、军队、舰队或殖民星这些场景太远，主角会在更大的战争或势力竞争里被迫上场，靠机甲、团队协作和个人抉择一步步立住。因为缺完整官方简介，这部分只按公开书页信息做保守梗概，需认亲。,机甲｜题名直指机甲｜中｜仅题名；星际｜平台分在科幻空间｜中｜书页；成长战记｜“战记”一般说明持续战斗线｜中｜仅题名。,偏“机甲+星际战斗”的补缺向选书位。,未见强冲突，但简介缺失。,,未知。,survey_not_ledger,deep_research,non_authoritative,w05_shallow50.md,2026-07-18T16:43:34+08:00
w05,ST-001,清穿之四爷娇宠,番茄小说,汤汤水水L,高,证据见番茄作品页、关键词落地页。,宫斗宅斗｜古代言情｜宠妻｜清穿｜皇后。,清穿后宅成长与胤禛感情线。,节录“评分刚出，后面会涨的……又名《皇后的进击之路》……从新时代‘牛马’变成古代‘娇小姐’……”,女主从现代穿进清朝，成了四爷后院体系里的一员。她本来想低调过日子，结果,清穿｜题材明示｜高｜书页；宫斗宅斗｜,更偏番茄口味的清穿后宅爽感线。,与《清穿之四爷娇宠皇妃》题近，检索时需分开。,,未知。,survey_not_ledger,deep_research,non_authoritative,w05_shallow50.md,2026-07-18T16:43:34+08:00
w05,ST-001,清穿之妾室守则,作者随风轻舞,中低,中低,作者随风轻舞｜中低｜公开稳定信息主要来自镜像与转载页，未检到原发平台可靠落地页。,镜像多标“都市言情/言情”。,清穿后宅妾室生存文。,节录“有人说太美丽的女人都是笨蛋……这位如出水芙蓉般的美人儿，您是哪位？”此段来自镜像公开简介，非原发，故降置信。,女主穿进清朝九爷或皇子后院体系，,清穿｜题名直给｜中｜题名/镜像；宫斗宅斗｜内容路数明确｜中｜简介；妾室生存｜题名核心｜高｜题名。,,原发平台未检明，需认亲。,,未知。,survey_not_ledger,deep_research,non_authoritative,w05_shallow50.md,2026-07-18T16:43:34+08:00
w05,ST-001,灵气复苏，我从种田开始修仙,起点中文网／QQ阅读可见,壹言为定,高,证据见起点书页、QQ阅读页。,科幻。,灵气复苏下的种田修仙成长文。,节录“别人穿越修真，一路金手指挂到底；姜唐穿越修真，被现实打脸……”,姜唐穿进修真世界后，没有一路起飞，反而先被现实教育。这本的开局不是大杀四方，而是先从种田、资源、基础修炼这些慢活儿做起，一边积累，一边在灵气复苏和修真秩序变化里找自己的位置。主冲突就是“底子一般、条件一般的人，怎么靠种田和稳扎稳打熬出修仙路”。,灵气复苏｜题名直给｜高｜书页；种田修仙｜题名核心｜高｜书页；穿越成长｜简介明写｜高｜书页。,是那种“先把田种好，再谈飞升”的修仙文。,无明显冲突。,,未知。,survey_not_ledger,deep_research,non_authoritative,w05_shallow50.md,2026-07-18T16:43:34+08:00
w05,ST-001,炸虫族做美食，震惊全星际！,起点中文网／QQ阅读,幻黎妖,高,证据见起点书页、QQ阅读页。,科幻空间·未来世界。,末世异能者掉进星际后靠“吃虫族”打开局面。,节录“坏消息：白绵绵被十阶丧尸自爆炸死了。好消息：白绵绵在星际醒来了。”,白绵绵在末世里好不容易混到高阶异能者，却被丧尸自爆送走，醒来后发现自己到了星际时代。当地人拿营养液凑合，她看着一堆虫族却两眼放光：这不都是能吃的食材吗？开局冲突很简单——别人怕虫，她想下锅；后面则演变成她用末世战斗力和做吃的脑回路，在星际社会里重新立住自己的位置。,星际｜,把“虫灾”写成了“食材库”。,无明显冲突。,,未知。,survey_not_ledger,deep_research,non_authoritative,w05_shallow50.md,2026-07-18T16:43:34+08:00
w05,ST-001,王者之开局加入长城守卫军,没找到,公开检索未见与该题名完全一致、可稳定落到原发平台的书页；只检到《王者荣耀》游戏官方信息，不能拿来冒充小说证据。,,没找到｜公开检索未见与该题名完全一致、可稳定落到原发平台的书页；只检到《王者荣耀》游戏官方信息，不能拿来冒充小说证据。,未知。,从题名看像《王者荣耀》长城守卫军同人。,缺官方简介。,按题名理解，这本多半是主角开局加入长城守卫军，在《王者荣耀》世界观里和苏烈、伽罗、守约等人物并肩作战的同人路数，主冲突一般会是“新人入队—守城—对抗魔种—逐步成长”。但因为我没检到可靠独立书页，这里只能给题名级梗概，不能把平台、作者、正式简介写死。,王者同人｜题名直指长城守卫军｜低｜仅题名；游戏世界｜依赖《王者荣耀》世界观｜低｜仅题名；守城战斗｜由“长城守卫军”可推｜低｜仅题名。,题名像典型王者同人开局文。,没找到可靠原发页。,Y,未知。,survey_not_ledger,deep_research,non_authoritative,w05_shallow50.md,2026-07-18T16:43:34+08:00
w05,ST-001,王者大陆之狙击枪神,QQ阅读,我的头没秃,中,证据见 QQ 章节目录页、正文页。,QQ阅读男生中文轻小说网。,《王者荣耀》世界观下的百里守约向同人。,公开目录页仅锁定题名、作者与平台；第三方镜像简介可见“白栗魂穿王者大陆，继承原主百里守约遗志……”，但非原发，故不整段移用。,主角白栗穿到王者大陆，落点非常直接——百里守约这条线，而且还是在长城守卫军与魔种威胁最密集的区域。开局他就得先在荒漠、长城、防线和高危生物之间活下来，再慢慢把“游戏人物能力”和“真实世界生存”接上。主冲突是守约,王者同人｜角色与世界观都非常明确｜高｜章节页；长城守卫军｜正文直接出现苏烈、伽罗、长城等信息｜高｜正文页；狙击/百里守约视角｜题名与正文一致｜高｜正文页。,更偏“守约真人落地版”的王者同人。,原发落地页不够完整，简介只能谨慎写。,,官方可见第 2 章《长城守卫队队长》。,survey_not_ledger,deep_research,non_authoritative,w05_shallow50.md,2026-07-18T16:43:34+08:00
w05,ST-001,男科女医生,17K小说网,九次方,高,证据见 17K 书页、标签页。,婚恋职场；标签页可见“轻松爆笑/医生/男科/女医生/爱情”等。,医院职场喜剧加都市言情。,节录“一心钻研学术，思想保守的连梦露……居然会被分配到传说中……男科。”,女主连梦露是个认真念书、想按部就班做医生的人，结果工作分配时直接被扔进男科。她本来就保守，还得天天面对尺度尴尬、病人奇葩、同事嘴贫的工作环境，开局就是大型社死。主线冲突一边是她怎么把这个岗位干明白，一边是她和医院里一群嘴硬心软的人越混越熟，最后把“我为什么会来这儿”活成了“我怎么在这儿站稳脚”。,医生职场｜医院科室与工作处境写得很直给｜高｜书页；轻喜剧｜17K 标签直接标“轻松爆笑”｜高｜书页；都市言情｜平台分类与内容都指向这一点｜高｜书页。,把最容易写尴尬的科室，写成了医院群像喜剧。,未见强冲突。,,未知。,survey_not_ledger,deep_research,non_authoritative,w05_shallow50.md,2026-07-18T16:43:34+08:00
w05,ST-001,盗墓之我是胡八一的表弟,起点中文网,梦幻古月,高,证据见起点书页、起点查询页。,悬疑灵异。,《鬼吹灯》系穿越同人。,节录“前世平凡的胡明，他怎么也想不到自己会穿越到盗墓的世界，而且还成为了胡八一的表弟。”,胡明一睁眼，发现自己不但穿越了，还直接成了胡八一的表弟。对知道《鬼吹灯》世界危险度的人来说，这开局相当于从普通人模式跳进高危墓穴副本。他要做的既是抱上主线大腿，也是想办法用先知视角和外挂把自己的命保住。主冲突就是：你明知道哪些墓危险，却还是得跟着去。,盗墓同人｜题名和简介完全锁定｜高｜书页；穿越｜官方简介明写｜高｜书页；系统流｜公开简介与读者讨论均指向此设定｜中｜书页/书评。,把“我熟悉原著”变成下墓生存优势。,无明显冲突。,,未知。,survey_not_ledger,deep_research,non_authoritative,w05_shallow50.md,2026-07-18T16:43:34+08:00
w05,ST-001,盗墓笔记,起点中文网,南派三叔,高,证据见起点书页、起点搜书页。,悬疑灵异。,现代民间盗墓探险长篇。,节录“50年前由长沙土夫子出土的战国帛书……”,吴邪原本只是做古董生意的普通青年，因为爷爷笔记里的线索和一桩古墓旧事，被硬生生拽进墓穴、机关、尸变和家族秘史交织的大坑里。开局他以为只是一次探墓发财，往后却越挖越发现，自己家、老九门、张起灵和一连串古墓背后都藏着更大的秘密。主冲突就是“找真相”——但真相越近，人越危险。,盗墓探险｜古墓、机关、队伍下地是主轴｜高｜书页；悬疑谜团｜“帛书—家族—秘密组织”一路牵引｜高｜简介；铁三角关系｜读者认知度高，正文也成立｜高｜书页。,不是单墓单案，而是越走越深的超长谜团链。,无明显冲突。,,未知。,survey_not_ledger,deep_research,non_authoritative,w05_shallow50.md,2026-07-18T16:43:34+08:00
w05,ST-001,盗墓笔记之梦,QQ阅读,梦中离殇,中,证据见 QQ 搜索页、章节页。,同人。,《盗墓笔记》女性视角陪跑/改命同人。,节录“在这个世界，我必须强大，活下去，改变一切。——梦璃”,女主梦璃进入《盗墓笔记》世界后，不是旁观原作，而是直接跟着吴邪、小哥等人一起进墓、找记忆、追真相。开局她就很清楚这是个会死人的世界，所以目标非常朴素：变强、活下去、尽可能改掉那些她知道会发生的悲剧。主冲突是“我知道原作命运，但我真能改吗”，这点决定了它和普通陪伴型同人的区别。,盗墓同人｜搜索页直接锁定｜高｜书页；女性原创角色｜梦璃是核心视角｜高｜书页；改命/陪伴小哥｜章节页内容可见｜中｜正文页。,不是纯嗑 CP 的挂件视角，而是想下场改命。,和《盗墓笔记之梦女的春天》不是一部。,,未知。,survey_not_ledger,deep_research,non_authoritative,w05_shallow50.md,2026-07-18T16:43:34+08:00
w05,ST-001,直播捡垃圾，我成警局常客,起点中文网,唯有笔爽,高,证据见起点书页、起点推荐页。,现代言情·都市生活；公开标签可见“综艺直播+系统+脑洞+爽文”。,直播日常加系统协助的都市轻爽文。,节录“富二代重生成了直播捡垃圾‘饿晕’的贫困户，获得社会工作技能系统……”,女主原本是富二代，重生后却摔进一个穷到靠捡垃圾开直播的人设里，开局就是,直播｜平台标签直给｜高｜书页；系统｜简介明写｜高｜书页；都市轻案/警局常客｜书名与简介都支持｜高｜书页。,把“捡垃圾直播”拐成了“警局熟人文学”。,未见强冲突。,,未知。,survey_not_ledger,deep_research,non_authoritative,w05_shallow50.md,2026-07-18T16:43:34+08:00
w05,ST-001,直播领养鸚鵡，全网跪求我卖异宠,番茄小说,一桁一術,高,证据见番茄作品页。,现代言情；日常、种田、有 CP。,修真回归现代后的直播种田异宠文。,节录“叶初从修真界穿回来了，没有带别的特产，只带了一点点灵力……”,叶初从修真界回来，本来只想在小山村安静过日子，结果表姐捡回一群快不行的鹦鹉，她一出手，鹦鹉不但活了，还变得聪明能说、会挑主人。于是“直播领养”越搞越大，粉丝奔着鹦鹉来，最后连鸡鸭鹅鱼、蜂蜜水果都带火，整个村子的旅游和特产都被盘活。主冲突是她想低调过日子，但灵力和异宠把全网都引来了。,直播｜题名与简介都明确｜高｜书页；种田乡村｜简介明写发展山村旅游｜高｜书页；异宠/灵力｜设定核心｜高｜书页。,从领养鹦鹉起步，最后变成全村飞升。,未见强冲突。,,未知。,survey_not_ledger,deep_research,non_authoritative,w05_shallow50.md,2026-07-18T16:43:34+08:00
w05,ST-001,神秘复苏,起点中文网,佛前献花,高,证据见起点书页、作家页。,悬疑灵异·诡异神秘。,现代城市里的驭鬼生存与规则灵异文。,节录“我叫杨间，当你看到这句话的时候我已经死了……”,故事从一名普通学生杨间开始。他接触到一张诡异羊皮纸后，被卷进一个“鬼会复苏、活人会被规则杀死”的世界。这里最大的冲突不是单纯打赢鬼，而是每用一次灵异力量，自己也更接近失控。杨间得一边处理校园、城市、组织层层升级的灵异事件，一边想办法在“人还活着、鬼也在身体里”的状态下继续往前走。,规则诡异｜大量灵异都靠规则杀人｜高｜书页；驭鬼者｜简介与正文核心设定｜高｜书页；城市灵异｜舞台是现代社会系统内的异变｜高｜书页。,把“恐怖故事”写成了持续加压的生存工程。,无明显冲突。,,未知。,survey_not_ledger,deep_research,non_authoritative,w05_shallow50.md,2026-07-18T16:43:34+08:00
w05,ST-001,神秘复苏之最强BOSS,起点中文网／QQ阅读可见,墨已黑,高,证据见起点书页、QQ阅读页。,悬疑灵异·规则怪谈。,《神秘复苏》同人衍生。,节录“五浊恶世，地域已空，这是一个让人绝望的世界……”,主角苏慕白穿进《神秘复苏》的世界，而且一上来就不是安全模式——他已经和灵异层面的存在扯上了关系。开局最要命的是这个世界对普通人极不友好，对知道原作的人反而更压抑，因为你知道它有多容易死人。主冲突就是：既然开局已经够烂，那他到底是会被世界压碎，还是反过来成为更危险的那个“BOSS”。,神秘复苏同人｜题名已经写死｜高｜书页；规则怪谈/灵异｜平台频道有这层标注｜高｜书页；强主角黑化向｜“最强 BOSS”就是读者预期｜中｜题名/简介。,把原作世界的高压感继续往上拧。,无明显冲突。,,未知。,survey_not_ledger,deep_research,non_authoritative,w05_shallow50.md,2026-07-18T16:43:34+08:00
w05,ST-001,神诡异仙,起点中文网,修行真知未曾更,高,证据见起点书页、搜书页。,仙侠·古典仙侠。,聊斋风诡谲修仙文。,节录“神诡无常离乱天，列仙垂纶戏尘缘。”,主角南奕混进一个神神鬼鬼、仙凡难辨的古典修仙世界，没钱没势，最开始甚至得靠写小说谋生。结果写着写着，反而被卷进与香火、封神、修法、算计相关的更大棋局。它不是单纯升级打怪流，开局矛盾更像“一个底层文人怎么在诡异仙道秩序里保命并往上爬”，中后段则把世界观越翻越怪。,规则诡异｜官方别名说明里就提到规则斗法｜高｜书页；古典仙侠｜,诡修仙里偏文气、偏算计的一支。,无明显冲突。,,未知。,survey_not_ledger,deep_research,non_authoritative,w05_shallow50.md,2026-07-18T16:43:34+08:00
w05,ST-001,穿成假少爷，真少爷疯狂求贴贴？,番茄小说,东集市的小胖丁,高,证据见番茄作品页、作者页。,都市。,豪门真假少爷反套路搞笑文。,节录“刚出评分，会涨的！高智商、成熟稳重的总裁假少爷……真少爷却只想贴贴？”,周时安穿成豪门家的假少爷，照常规剧本，他应该在真少爷回来后被扫地出门，于是他第一反应是拿钱跑路。可问题是这家人和那个真少爷都不按套路来：养父母没那么冷血，真少爷周时烬也不是来狠狠干他的，反而一口一个“哥”疯狂黏上来。开局冲突就是他想撤，剧情偏偏把他往“兄弟贴贴+豪门乱炖”里按。,穿书/穿越｜官方简介明写穿越｜高｜书页；豪门真假少爷｜核心关系明确｜高｜书页；反套路搞笑｜简介口吻与设定一致｜高｜书页。,别人家真假少爷互撕，这本是一个想跑一个死抱大腿。,无明显冲突。,,未知。,survey_not_ledger,deep_research,non_authoritative,w05_shallow50.md,2026-07-18T16:43:34+08:00
w05,ST-001,穿越七零做外贸,QQ阅读,书包很满,高,证据见 QQ 章节页、阅文百科页。,从公开页看为年代/现代言情向连载。,七零年代外贸职场成长文。,节录“叶青醒过来时，发现自己穿越到了 1973 年……”,叶青从现代穿到 1973 年，开局先要解决的不是创业神话，而是怎么在那个年代把自己安顿下来。她进到外贸系统后，面对的是语言、业务、人情和时代环境全都不同的工作场景。主冲突并不只在赚钱，而是一个现代人怎么在计划经济与对外贸易逐步展开的环境里练本事、找位置，再把自己的路越走越宽。,年代｜七零背景明确｜高｜书页；外贸职场｜题名和梗概都直指工作内容｜高｜书页；女性成长｜主角路径明显｜中｜简介。,七零文里少见的“外贸系统”路子。,未见强冲突。,,未知。,survey_not_ledger,deep_research,non_authoritative,w05_shallow50.md,2026-07-18T16:43:34+08:00
w05,ST-001,穿越网王之网球公主,作者花樱明月,中低,中低,作者花樱明月｜中低｜只在镜像站检到稳定一致信息，未检到可靠原发平台，不能把镜像当原发。,镜像多标“同人小说/原創同人/动漫同人”。,《网球王子》同人乙女向作品。,缺官方简介。,从题名看，这本就是典型早期网王乙女/穿越同人路数：女主从现代穿进《网球王子》世界，带着“公主”式主角光环卷入学校、比赛和人际关系。开局一般会很快碰到原作角色，主冲突集中在她怎么在熟悉又陌生的动漫世界里立人设、打网球、处理感情线。因为,网王同人｜题名直接锁定｜中｜仅题名；穿越｜题名明示｜中｜仅题名；网球/校园乙女｜题名与同人常规路数一致｜中｜题名/镜像分类。,,原发平台,,未知。,survey_not_ledger,deep_research,non_authoritative,w05_shallow50.md,2026-07-18T16:43:34+08:00
w05,ST-001,篮球：路人王,起点中文网,老五不吃香菜,高,证据见起点书页、镜像转述同内容页。,体育·篮球运动。,穿越美国高中赛场的篮球成长文。,节录“国内路人王徐峰穿越到美国成了一名高中生……”,主角徐峰本来是国内街球/路人王体系里的狠人，一转眼穿成美国高中生，身体天赋在线，篮球基础却得重新磨。开局要做的是适应新环境、进队伍、打比赛，同时证明自己不是只会在野球场横着走。主冲突是“国内街球经验”怎么接到美国校园正式比赛体系上，往上则是一路从高中、联赛到更高舞台的升级。,篮球｜,把“路人王”扔进美国校园体系重开。,未见明显强冲突。,,未知。,survey_not_ledger,deep_research,non_authoritative,w05_shallow50.md,2026-07-18T16:43:34+08:00
w05,ST-001,美食供应商,起点中文网,会做菜的猫,高,证据见起点书页、QQ阅读页。,都市·都市生活。,开店经营流美食文。,节录“在遥远的东方，存在着一家数次拒绝了米其林三星评价的奇怪小店……”,袁州本来只是个普通青年，突然绑定系统，在街角开起一家规矩离谱的小店：菜贵、量少、店主脾气还怪，但偏偏越做越火。开局冲突就是他得在系统限制下学会做菜、经营、应对顾客和同行，慢慢把一家怪店做成城市传说。它不是主打大开大合剧情，而是把“做菜、开店、来客、升级”这一套稳定循环写成了很顺的日常爽文。,美食｜做菜本身就是正文核心｜高｜书页；经营｜小店经营升级很明确｜高｜简介；系统｜设定广为人知且与书页一致｜高｜书页。,很典型的“开店经营型美食文”。,无明显冲突。,,未知。,survey_not_ledger,deep_research,non_authoritative,w05_shallow50.md,2026-07-18T16:43:34+08:00
w05,ST-001,规则怪谈：狗熊岭扮演光头强开始,番茄小说／QQ阅读可见,故梦的青春,高,证据见番茄作品页、QQ阅读页。,悬疑。,童年动画壳子的国运规则怪谈文。,节录“动漫规则怪谈（第一个熊出没）＋微恐＋悲壮＋主角有脑＋国运……”,蓝星被诡异怪谈席卷，各国都要派天选者进副本求生。主角陈庆穿越后发现，别人怕得要死的怪谈副本，居然全是自己童年动画改出来的：狗熊岭、羊村、成龙历险记、比奇堡……于是他靠对角色和世界观的“熟门熟路”，一边扮演光头强，一边破解规则、保国运。主冲突是怪谈越来越狠，而他既要活，又要带国家翻盘。,规则怪谈｜题名与简介双重锁定｜高｜书页；国运｜简介明写｜高｜书页；动漫同人衍生｜副本来自熊出没等 IP｜高｜书页。,拿童年作品做怪谈底板，这点很抓人。,无明显冲突。,,未知。,survey_not_ledger,deep_research,non_authoritative,w05_shallow50.md,2026-07-18T16:43:34+08:00
w05,ST-001,觉醒神通后，妖魔皆薪柴,未检到与该题名完全一致的可靠独立书页；中低,目前最接近的是起点《荡尽妖魔我为仙》，其官方文案里出现“觉醒神通后，妖魔皆薪柴！”这一句，疑似宣传句被误当书名，需认亲。,中低,未检到与该题名完全一致的可靠独立书页；中低｜目前最接近的是起点《荡尽妖魔我为仙》，其官方文案里出现“觉醒神通后，妖魔皆薪柴！”这一句，疑似宣传句被误当书名，需认亲。,若按对应作品看，为仙侠向。,高危妖魔世界里的神通修仙文。,缺该题名的独立官方简介。,如果这条书目实际指向《荡尽妖魔我为仙》，那它大概是“主角获得神通，在妖魔肆虐的世界一路斩妖修仙”的路线，重点不是儿女情长，而是神通抽取、战斗、世界危险度和个人上升空间。但因为公开证据还不能把“宣传句”和“正式题名”彻底锁死，我这里只能给保守梗概，不能把它当高置信入库。,修仙｜相关作品明确是仙侠｜中｜书页；神通流｜文案核心词就是“抽中神通”｜中｜书页；妖魔斩杀｜宣传句直指此路数｜中｜简介。,这条更像“文案误记”，不是稳定题名。,需认亲。,,未知。,survey_not_ledger,deep_research,non_authoritative,w05_shallow50.md,2026-07-18T16:43:34+08:00
w05,ST-001,诡异修仙，我有一座五脏庙,起点中文网／QQ阅读可见,五志,高,证据见起点书页、QQ阅读页。,仙侠·幻想修仙。,诡修仙加捕快查案成长文。,节录“商陆穿越到了一个古怪诡谲的修仙乱世，成了县衙里的小捕快……”,商陆穿到诡异修仙乱世，,规则诡异｜世界观非常明确｜高｜书页；修仙｜,从小捕快切进诡修仙，比直接仙门开局更接地气。,无明显冲突。,,未知。,survey_not_ledger,deep_research,non_authoritative,w05_shallow50.md,2026-07-18T16:43:34+08:00
w05,ST-001,足球：我让温格开航母,起点中文网／创世中文网可见,于大嘻,高,证据见起点书页、创世页。,体育·足球运动。,穿越成阿森纳老板的足球经营文。,节录“2011年，一个疯子用自己所有的财产买下了阿森纳……”,主角钱殊在 2011 年买下阿森纳，直接把温格从“抠门修修补补”模式拽到“你也配开航母”模式。开局冲突并不是先下场踢球，而是俱乐部经营、球员买卖、教练思路和财政压力怎么平衡，既要让温格真香，又要让球队成绩起飞。说白了，这是足球文里偏老板/经理人视角的一条线。,足球｜,满足“如果温格真有钱会怎样”的爽点。,无明显冲突。,,未知。,survey_not_ledger,deep_research,non_authoritative,w05_shallow50.md,2026-07-18T16:43:34+08:00
w05,ST-001,这个医生技术没有上限？,起点中文网／QQ阅读可见,骨玉真人,高,证据见起点书页、QQ阅读页。,都市。,医学重生加临床技术升级文。,节录“劝人学医，天打雷劈！顶级教学医院里，硕士不如狗，博士遍地走……”,郭子源重生回十年前，依旧站在顶级教学医院那个极卷、极现实的起跑线上。别人有学历光环、论文履历、导师资源，他则要靠系统或能力机制把“救病人—涨技能点—提升技术”这条线真正跑通。开局冲突不是医患鸡汤，而是医生同行之间的生存竞争：你技术不够就出不了头，你技术够了才能让其他一切有意义。,医生职场｜题材非常明确｜高｜书页；重生｜后续公开简介可见｜高｜书页；技术升级流｜题名核心就是这个｜高｜书页。,不走神医玄学，主打“临床技术就是硬通货”。,无明显冲突。,,未知。,survey_not_ledger,deep_research,non_authoritative,w05_shallow50.md,2026-07-18T16:43:34+08:00
w05,ST-001,这么菜打什么职业？回家养猪去吧,起点中文网,想天开,高,证据见起点书页、角色页。,游戏·电子竞技。,LOL 电竞职业成长文。,公开页未完整展开，但书页已锁定题名、作者、分类；完整简介可在书页继续阅读。,从书名和角色页“jackeylove”等信息看，这本明显走 LOL 职业赛场线，而且是嘴很硬、风格偏狂的那种。主角大概率从“外界看不上/自己也不被认可”的位置起步，被“这么菜还打职业”这种声音包围，然后一路靠比赛、操作和赛场表现回怼。核心冲突不是日常恋爱，而是职业资格、战队位置和赛场证明。,电竞｜,标题就把赛场垃圾话气质拉满了。,未见强冲突。,,未知。,survey_not_ledger,deep_research,non_authoritative,w05_shallow50.md,2026-07-18T16:43:34+08:00
w05,ST-001,道诡异仙,起点中文网,狐尾的笔,高,证据见起点书页、全本网转述简介页。,玄幻。,疯癫视角下的诡道修仙文。,节录“诡异的天道，异常的仙佛，是真？是假？陷入迷惘的李火旺无法分辨。”,李火旺活在一个根本分不清真实与幻觉的世界里：医院是真的，修仙界是真的，还是两边都不是？开局冲突就不是外部敌人，而是“我看到的到底能不能信”。随着仙佛、天道、邪门教派和身体精神问题一起压上来，他每往前一步都像赌命。它的厉害之处不是设定多，而是把“不可靠视角”写成了持续折磨。,规则诡异｜整体气质与内容都吻合｜高｜书页；修仙｜表层结构仍是仙侠升级世界｜高｜书页；精神错乱/真假难辨｜官方简介就是这个核心｜高｜书页。,诡道流里最容易把人看得发毛的一本。,无明显冲突。,,未知。,survey_not_ledger,deep_research,non_authoritative,w05_shallow50.md,2026-07-18T16:43:34+08:00
w05,ST-001,都重生了，必须打网球啊！,起点中文网,何处不天涯,高,证据见起点书页、末页。,都市。,重生现代职业网球文。,节录“万万没想到，被公司优化，又被女友分手的孟浩……”,孟浩中年失意，被裁员又失恋，结果重生后得到了再选一次人生的机会。别人重生去炒股、创业，他偏要回到最想做却没做成的那条路——打网球。开局冲突是现实年龄与梦想反差：他知道职业体育有多难，但也知道自己再不打，这辈子就真没了。主线就是用前世心智和新机会，把职业网球这条线狠狠干一遍。,重生｜题名直给｜高｜书页；网球竞技｜题名核心｜高｜书页；职业体育｜题名“必须打”就是人生改线｜高｜书页。,不是校园番，是成年失意者重开职业体育线。,无明显冲突。,,未知。,survey_not_ledger,deep_research,non_authoritative,w05_shallow50.md,2026-07-18T16:43:34+08:00
w05,ST-001,重生之星际影,没找到,未检到与该题名完全一致的可靠原发书页，公开只在番茄站点地图和第三方列表中看到“重生之星际影后/重生之星际影……”的近似信息，无法锁死正式题名。,中,没找到｜未检到与该题名完全一致的可靠原发书页，公开只在番茄站点地图和第三方列表中看到“重生之星际影后/重生之星际影……”的近似信息，无法锁死正式题名。,未知。,大概率是星际娱乐圈/影后重生线。,缺官方简介。,如果这条不是截断题名，那它大概率应该走“星际娱乐圈+重生翻身”路线：主角在更先进的时代重新回到演艺圈，从低谷或死亡后重来，再一点点把名声、事业、作品拿回来。可现在最大的问题是认亲不足：我没法确认它究竟是《重生之星际影后》、还是另一部被截短的作品。,星际｜近似题名支撑｜低｜仅题名/近似作品；娱乐圈｜“影”大概率指影视演艺｜低｜仅题名；重生｜题名明示｜中｜仅题名。,,没找到可靠独立书页，需补书页。,Y,未知。,survey_not_ledger,deep_research,non_authoritative,w05_shallow50.md,2026-07-18T16:43:34+08:00
w05,ST-001,重生五十年代有空间,起点中文网,红烧豆腐干,高,证据见起点书页、搜书页。,现代言情。,五十年代双穿/重生空间年代文。,节录“21世纪孤儿张国庆和怀着身孕妻子周娇……双双穿越到东北农村的一对小夫妻身上。”,一对 21 世纪夫妻原本在为生活打拼，临产路上出事后，直接双双穿到五十年代东北农村。开局最大的冲突不是发家，而是带着现代记忆、怀孕状态和随身空间，先在那个更紧巴、更讲关系的年代里站住脚。它的好认点就在于“双人重来”而不是单女主独走，夫妻要一起面对亲族、物资和时代环境。,年代｜五十年代明示｜高｜书页；空间｜题名核心｜高｜书页；双穿/家庭线｜简介可见｜高｜书页。,夫妻双人开局，让年代生存感更足。,无明显冲突。,,未知。,survey_not_ledger,deep_research,non_authoritative,w05_shallow50.md,2026-07-18T16:43:34+08:00
w05,ST-001,重生空间八零,中低,未检到与该四字短题名完全一致的稳定原发书页；公开检索只见多个近似题名，如《重生空间八零小媳妇》《重生空间：八零娇娇女》等，存在明显题名缩写/混写风险。,中低,中低｜未检到与该四字短题名完全一致的稳定原发书页；公开检索只见多个近似题名，如《重生空间八零小媳妇》《重生空间：八零娇娇女》等，存在明显题名缩写/混写风险。,未知。,年代重生加空间金手指。,缺该短题名的独立官方简介。,从题名看，这类书一般都是女主重回八零年代，手里带着空间或灵泉，先处理极品亲戚、婚恋坑和生计问题，再往“发家、变美、择偶、翻身”方向走。主冲突通常是“重来一次，我怎么把上辈子的烂局改掉”。但这条目现在最大的问题不是梗概，而是认亲：它可能是一个被口头简称过的题名，不适合直接高置信入库。,年代｜“八零”非常明确｜中｜仅题名；空间金手指｜题名直接给出｜中｜仅题名；女频逆袭｜由常见近似作品可推｜低｜题名/近似作品。,,同名/近似题名冲突明显，需补原始书页。,,未知。,survey_not_ledger,deep_research,non_authoritative,w05_shallow50.md,2026-07-18T16:43:34+08:00
w05,ST-001,钢铁，病菌与奥法医生,起点中文网／QQ阅读可见,李斯特菌,高,证据见起点书页、QQ阅读页。,轻小说。,蒸汽奇幻世界里的现代医学跨界文。,节录“这是最好的时代，这是最坏的时代。但要莱昂来说，这是最臭的时代。”,前急诊医生莱昂来到一个奥法与蒸汽并存的世界，成了奥法医学生。他开局最大的优势不是法术，而是现代医学知识；最大的冲突则是这个世界的医疗体系、生产力和灾病环境都还很不靠谱。于是他拿护盾术搞无尘结界，拿燃烧之手消毒器械，拿物质变换手搓生理盐水，边行医边改造世界，同时还卷进了“死眠圣女”等高危人物带来的更大事件。,医生｜题名与简介都明确｜高｜书页；蒸汽奇幻｜世界观特征明显｜高｜书页；医学+奥法融合｜作品核心创意｜高｜书页。,把现代临床脑子扔进魔法工业时代。,无明显冲突。,,"未知。 

来源：ChatGPT",survey_not_ledger,deep_research,non_authoritative,w05_shallow50.md,2026-07-18T16:43:34+08:00
w05,ST-001,高考前夜，我觉醒了武神命格,七猫小说,夜蝶,高,证据见七猫书页、作者页。,都市高武／轻小说。,高武校园考试升级文。,节录“灵气复苏三十年，武道高考决定阶层命运。”,林野原本是气血值垫底的普通学生，高考前夜突然觉醒“武神命格”。对这个世界来说，武道高考就是阶层分流器，考不上，命运大概率就被锁死。于是开局冲突非常明确：时间只剩一点点，他却必须靠新觉醒的命格在校内测验、城市联赛乃至全国竞争里突围。它的爽点是“临门一脚觉醒”，压力点则是“来得太晚，还得硬追”。,灵气复苏｜官方简介直给｜高｜书页；校园高武｜高考与城市联赛构成主舞台｜高｜书页；命格成长｜题名核心设定｜高｜书页。,把高武升级和高考焦虑捆在一起写。,无明显冲突。,,未知。,survey_not_ledger,deep_research,non_authoritative,w05_shallow50.md,2026-07-18T16:43:34+08:00
w05,ST-001,鬼吹灯（盗墓者的经历）,起点中文网／微信读书可见电子版,本物天下霸唱,高,证据见起点书页、微信读书页。,起点侧可归悬疑灵异。,民俗惊悚向盗墓探险经典长篇。,节录“一本主人公家中传下来的秘书残卷为引，三位当代摸金校尉……”,主角胡八一因为家传残卷和摸金校尉旧传承，和王胖子、Shirley 杨等人一起下墓寻宝。开局不是单纯为了发财，而是被线索、诅咒、古文明遗迹和生存危机一步步推着往下走。和很多后来的“盗墓爽文”不同，这本更强调民俗、地下奇观、未知生物和探险压迫感，主冲突是人能不能从那些古墓里活着把谜团带出来。,盗墓｜题名与正文完全一致｜高｜书页；民俗惊悚｜内容气质非常鲜明｜高｜简介；摸金校尉｜梗概核心,盗墓流里最典型的“冒险压迫感”代表。,无明显冲突。,,未知。,survey_not_ledger,deep_research,non_authoritative,w05_shallow50.md,2026-07-18T16:43:34+08:00
w06,ST-001,大夏文圣,起点中文网,七月未时,高,起点中文网｜七月未时｜高。,仙侠。,儒道修行+王朝局势的高配穿越文。,节引“神洲。大夏王朝。永盛十二年……”,主角顾锦年前世懂传统文化，这一世醒来已经在大夏王朝的权贵门庭里。表面看是含着金汤匙出生，实际上正碰上天命轮转、各家修行体系抢位的大环境。这个世界读书真能通天，儒、道、武、佛、妖、术并立，他要先在家族和朝局里站稳，再把自己的“读书天赋”一路推成真正的文圣路数。,儒道流｜题名与公开介绍都直接指向“文圣”路线｜高｜依据类型＝书页；王朝修行｜官方页写“大夏王朝”｜高｜依据类型＝书页；穿越｜二手整理明确说是前世穿到异世大夏｜中｜依据类型＝书评。,权贵开局，不走穷逆袭，走的是“儒道天命局里抢位置”。,未见明显同名官方冲突。,,未知。,survey_not_ledger,deep_research,non_authoritative,w06_shallow50.md,2026-07-19T05:21:16+08:00
w06,ST-001,大宋文豪,起点中文网,西湖遇雨,高,起点中文网｜西湖遇雨｜高。,历史。,北宋嘉祐年间的文人官场文。,节引“嘉祐元年。宋夏兵戈渐止，庆历已成旧事……”,现代汉语言文学教授陆北顾醒来时，已经在北宋嘉祐元年的泸州合江县，成了寒门学子。开局不是拍案惊堂木式的大权在握，而是先从读书、科举、写策论往上爬。书的主冲突也很明白：一个带现代文史底子的老师，怎么在文华最盛、名臣名士扎堆的大宋里抢到自己的位置，并把读书人的话语权变成真本事。,宋朝历史｜官方页写“嘉祐元年”｜高｜依据类型＝书页；科举文官流｜“寒门学子”“文豪”与故事简介都指向此路数｜高｜依据类型＝书页/简介；穿越｜问书页明确写现代副教授穿到北宋｜中｜依据类型＝书页问答。,不是“开金山银海”，而是“在最卷的文人时代里硬挤进去”。,未见明显同名官方冲突。,,未知。,survey_not_ledger,deep_research,non_authoritative,w06_shallow50.md,2026-07-19T05:21:16+08:00
w06,ST-001,大师姐她改门换派,起点中文网,更吗不更,高,起点中文网｜更吗不更｜高。,仙侠奇缘。,无 CP 女主修仙，宗门背刺后自立门户。,节引“无CP……岳柒染是明岚宗的大师姐……”,岳柒染在明岚宗当了两百多年大师姐，门里大事小事基本都她扛，原以为终于能抽身去闭关，结果新来的小师妹把宗门搅得鸡飞狗跳。更糟的是，她辛辛苦苦带出来的师弟师妹反过来站到她对面。她名声被毁、自废修为、坠崖断绝旧门关系，再回来时还是大师姐，但已经不是那个宗门的大师姐了。核心冲突就是“被旧宗门抛弃后，怎么以自己的方式重开一局”。,女主修仙｜官方频道为仙侠奇缘且主角为岳柒染｜高｜依据类型＝书页；宗门背刺｜简介明确写师弟师妹倒向小师妹｜高｜依据类型＝简介；无CP｜官方简介开头直接说明｜高｜依据类型＝简介。,宗门不认我，那我就换门、换路、换规矩。,未见明显同名官方冲突。,,未知。,survey_not_ledger,deep_research,non_authoritative,w06_shallow50.md,2026-07-19T05:21:16+08:00
w06,ST-001,大恶魔福尔摩斯,起点中文网,魔瓜,高,起点中文网｜魔瓜｜高。,轻小说。,福尔摩斯元素重写的黑暗推理异世界。,节引“神在创造了世间后，说，要有光……”,这本不是正经维多利亚味福尔摩斯，而是把“福尔摩斯”这层皮放进带神、恶魔和异端气息的世界里重做。开局就把基调压暗：世界像是被某种上位秩序塑形过，案件和恶魔传说缠在一起。主线不是舒服地坐屋里推理，而是要在诡异秩序里把真相、恶意和人性一块扒开。适合当“黑暗推理+克味气息”的近似项看。,福尔摩斯衍生气质｜题名直指“福尔摩斯”｜中｜依据类型＝仅题名；黑暗推理｜官方短摘与公开介绍都偏阴冷诡谲｜中｜依据类型＝书页；轻小说｜官方频道如此标注｜高｜依据类型＝书页。,把侦探小说的壳，套进恶魔味世界。,未见同名冲突，但“福尔摩斯”本身属于强借名设定，标签上我压到了中档。,,未知。,survey_not_ledger,deep_research,non_authoritative,w06_shallow50.md,2026-07-19T05:21:16+08:00
w06,ST-001,大明国师,起点中文网,西湖遇雨,高,起点中文网｜西湖遇雨｜高。,历史。,明初朝堂+智囊/国师路线的历史文。,节引“狱中讲课，朱棣偷听，问对五百年……”,故事把时间点卡在明初，主角并不是传统“率兵起家”的历史文男主，而是从“被关着、却开始讲课和问对”的局面起手。朱棣来偷听，说明这书的核心不是种田，而是脑子和局势判断。后面自然会往国师、帝王顾问、政策设计那条线上走：你说的话能不能真的改变朝堂，才是它的大冲突。,大明历史｜书名与官方频道一致｜高｜依据类型＝书页；朝堂智谋｜“国师”“问对朱棣”都指向谋局路线｜高｜依据类型＝书页/简介；明初视角｜简介直接点到朱棣｜高｜依据类型＝简介。,不是带兵横推，是靠嘴和脑子把自己抬进权力中心。,未见明显同名官方冲突。,,未知。,survey_not_ledger,deep_research,non_authoritative,w06_shallow50.md,2026-07-19T05:21:16+08:00
w06,ST-001,大明：系统赋我长生，我每日点卯,番茄小说,伍更大师,高,番茄小说｜伍更大师｜高。,历史脑洞。,永乐朝+长生系统+官场苟发育。,节引“加点+长生+历史+无敌+官场……”,顾延年穿越到大明，手里拿到的不是秒天秒地外挂，而是“每日点卯就能变强”的长生系统。开局时间点卡在燕王兵临城下、永乐改元前后，他先苟在底层官僚体系里慢慢堆属性，不轻易出头，却又不断被朱高炽等核心人物注意到。主冲突其实挺明确：一个想低调长生的人，怎么在大明最能出大事的时代里，被历史一次次拽进场。,系统流｜官方简介点明“点卯系统”｜高｜依据类型＝简介；明初官场｜章节与简介都围着永乐朝事件走｜高｜依据类型＝书页/简介；苟道发育｜简介写“前期苟，后期无敌”｜高｜依据类型＝简介。,打卡上班，也能把属性点到离谱。,未见同名冲突。,,未知。,survey_not_ledger,deep_research,non_authoritative,w06_shallow50.md,2026-07-19T05:21:16+08:00
w06,ST-001,大明：花重锦官城,起点中文网,且听余生,高,起点中文网｜且听余生｜高。,古代言情。,明代背景的女频权谋/情感文。,节引“她做了大半辈子的贵夫人，闭眼才知都是假象。”,这本明显不是男频大明官场，而是从“贵夫人一生到死才发现活错了”这个口子切进去。主角前半生像是把一辈子都交给了身份与体面，临到头才看见婚姻、家族和权势背后的真相。开局就带着强烈的“旧人生是骗局”味道，后面多半会往女性重整命运、家宅与权势关系重算、旧账逐步翻开的方向走。,古言｜官方频道如此标｜高｜依据类型＝书页；女性视角｜简介以“她”开场且围绕贵夫人一生展开｜高｜依据类型＝简介；重算人生｜简介直接写“闭眼才知假象”｜高｜依据类型＝简介。,不是看她怎么嫁得好，是看她怎么把假人生翻过来。,未见明显同名官方冲突。,,未知。,survey_not_ledger,deep_research,non_authoritative,w06_shallow50.md,2026-07-19T05:21:16+08:00
w06,ST-001,大梦主,起点中文网,忘语,高,起点中文网｜忘语｜高。,仙侠。,梦境与现实交叠的取经背景修仙文。,节引“一个从小体弱多病的富商之子……”,沈落从小体弱，原本像是活不长的富家少爷，结果一场奇怪的梦把他拖进了另一个层面的世界。书里很关键的一点，是梦和现实不是完全分开的：梦中所学、所见，会反过来改写现实里的处境。背景又和西游、三界、妖魔这些大框架勾连，所以它既有忘语式修行成长，也有“大梦是真还是假”的悬疑感。主冲突就是在梦里求活，在现实里求路。,梦境修仙｜书名与简介都围着“梦”转｜高｜依据类型＝书页；西游系世界观｜公开介绍写“西游背景”｜中｜依据类型＝书评/二手整理；体弱少爷开局｜官方简介直接写明｜高｜依据类型＝简介。,梦里修来的东西，现实真能用。,未见明显同名官方冲突。,,未知。,survey_not_ledger,deep_research,non_authoritative,w06_shallow50.md,2026-07-19T05:21:16+08:00
w06,ST-001,大王饶命,起点中文网,会说话的肘子,高,起点中文网｜会说话的肘子｜高。,都市。,灵气复苏背景下的反套路都市异能文。,节引“高中生吕树在一场车祸中改变人生……”,吕树原本只是个普通高中生，一场车祸后，身上的黑色核桃状东西碎开，给了他一种很邪门的能力：吸别人负面情绪，换自己的成长资源。偏偏时代又赶上灵气复苏，超凡能力开始在现实里公开冒头。于是这书的开局不是“天选之子拯救世界”，而是一个嘴欠、会坑人、但又很能活的少年，带着妹妹在变天的现实里一边求生一边升级。,灵气复苏｜公开介绍明确如此｜高｜依据类型＝简介；都市异能｜频道与内容都对得上｜高｜依据类型＝书页；反套路嘴炮主角｜作品口碑与简介都指向“负能量成长”｜中｜依据类型＝书页/书评。,靠别人破防升级，这个设定到现在都很能打。,有小说、出版书、动漫等多形态，但原著身份清楚。,,未知。,survey_not_ledger,deep_research,non_authoritative,w06_shallow50.md,2026-07-19T05:21:16+08:00
w06,ST-001,大理寺小饭堂,起点中文网,漫漫步归,高,起点中文网｜漫漫步归｜高。,古代言情。,大理寺探案背景里的美食日常文。,节引“午夜梦回，温明棠看到了那个不苟言笑的少年……”,温明棠的开局不是豪门千金式享福，而是梦里老能看见一个冷脸少年，等她真进了大理寺，梦里那张脸就在现实里对上号了。书名叫“小饭堂”，说明主线不只是查案，还有大量做饭、吃饭、靠饭桌串人情与线索的部分。所以它的阅读感大概是：案子不算轻，但节奏会被饭菜和日常软化，属于古代探案和美食治愈混着来。,探案+美食｜书名和频道结合非常明确｜高｜依据类型＝书页；女主视角｜简介直接点到温明棠｜高｜依据类型＝简介；古言日常｜官方频道如此标注｜高｜依据类型＝书页。,在大理寺里一边破案，一边把人喂熟。,未见明显同名冲突。,,未知。,survey_not_ledger,deep_research,non_authoritative,w06_shallow50.md,2026-07-19T05:21:16+08:00
w06,ST-001,大苍守夜人,起点中文网,二十四桥明月夜,高,起点中文网｜二十四桥明月夜｜高。,仙侠。,文道能打人的儒道修仙文。,节引“这是一个文采风流却又杀机四伏的世界。”,林苏进入的这个世界，诗词歌赋、琴棋书画都不是附庸风雅，而是能直接勾动天道伟力的真力量。开局说白了就是“文人也能当核武器”，所以主角不是去背书应试，而是要把写文章、开词道、弄兵法这些文人本事，硬生生推成压人一头的修行方式。核心冲突就是：在一个文采能杀人的世界里，他怎么一边混权场，一边争大道。,儒道/文道｜官方简介直接写诗词书画能勾天道｜高｜依据类型＝简介；半无敌爽文｜简介写“实力不允许他平凡”｜高｜依据类型＝简介；朝堂权谋｜简介写“可换一国之君”｜高｜依据类型＝简介。,把“文人治国平天下”写成了真能动手的力量体系。,未见明显同名官方冲突。,,未知。,survey_not_ledger,deep_research,non_authoritative,w06_shallow50.md,2026-07-19T05:21:16+08:00
w06,ST-001,大赤仙门,起点中文网,古顽石,高,起点中文网｜古顽石｜高。,仙侠。,宗门修仙+求长生的正统仙侠。,节引“取坎填离会龙虎，铅汞交济求性命。”,许玄一朝穿越，不是掉进一条轻松的爽文赛道，而是进了典型“登仙路上白骨多”的世界。书从宗门开局，味道很正：有道宗、仙山、命数、修法，还有一步步往上爬的长生执念。主冲突不在都市热闹，而在你有没有命继续修、有没有资格继续往上走。很像那种愿意老老实实看体系、门规、资源和命数博弈的仙侠。,宗门修仙｜简介里直接有仙山道宗｜高｜依据类型＝简介；穿越｜简介写“许玄一朝穿越”｜高｜依据类型＝简介；稳体系古典仙侠｜频道和简介气质都很正统｜高｜依据类型＝书页/简介。,仙侠味挺浓，不是套皮。,未见明显同名冲突。,,未知。,survey_not_ledger,deep_research,non_authoritative,w06_shallow50.md,2026-07-19T05:21:16+08:00
w06,ST-001,大道之上,起点中文网,宅猪,高,起点中文网｜宅猪｜高。,玄幻。,诡谲家族气息很重的玄幻修行文。,节引“我的爷爷很古怪，他每天给自己上香……”,这本开局就很邪门：主角的爷爷天天给自己的灵位上香，还站在灵位前吃蜡烛。你一看就知道它不是传统热血开练，而是先拿一个古怪家庭和异样风俗把读者拽进来。后面肯定要从“这家人到底怎么回事”“这个世界的道到底是什么”往外扩。主冲突不只是变强，还有揭开家族和世界深层规则。,诡异家族开局｜官方简介第一句就定了味道｜高｜依据类型＝简介；玄幻修行｜官方频道如此标｜高｜依据类型＝书页；世界设定驱动｜“大道之上”与简介都偏规则揭秘型｜中｜依据类型＝书页/简介。,宅猪这本不是先秀战力，是先把你往“怪”里带。,未见明显同名官方冲突。,,未知。,survey_not_ledger,deep_research,non_authoritative,w06_shallow50.md,2026-07-19T05:21:16+08:00
w06,ST-001,大道争锋,起点中文网,误道者,高,起点中文网｜误道者｜高。,仙侠。,古典仙侠大长篇，主打大道争渡。,节引“不堕轮回入大千，心传一道在人间。”,这书不是轻快小白路数，开局就是“再世为人、玄门炼真”那套老派仙侠味。主角张衍在修真世界里一步步往上争，不只是和同辈抢资源抢位置，更是在庞大的宗门与大道秩序里争一个“我能不能成”的资格。它的主冲突比较硬：道心、宗门、机缘、因果、天门，全都要争，所以才叫“大道争锋”。,古典仙侠｜官方直接如此标注｜高｜依据类型＝书页；长线升级流｜两千多章完本规模非常典型｜高｜依据类型＝书页；争道主题｜书名和简介高度一致｜高｜依据类型＝书页。,老派仙侠大部头，重在“争道”不是“玩梗”。,未见明显同名官方冲突。,,未知。,survey_not_ledger,deep_research,non_authoritative,w06_shallow50.md,2026-07-19T05:21:16+08:00
w06,ST-001,大道惟一,起点中文网,虞不言,高,起点中文网｜虞不言｜高。,仙侠奇缘。,女主修仙成长文。,节引“我欲逍遥天地间，问道长生得自在。”,这本的核心很直白，就是虞灵初一路修上去、一路找自己道。公开资料说她不是一开始就站在云端，而是从凡尘与复杂出身起步，慢慢进入修真界，再一路卷进更大的种族与大道冲突。开局看点不在豪横，而在“少女怎么从低处起步，最后把自己的路走成惟一”。,女主修仙｜频道为仙侠奇缘，百科也明说女主虞灵初｜高｜依据类型＝书页/百科；成长流｜公开介绍明确是历经磨难踏入修真界｜高｜依据类型＝百科；长生问道｜官方简介直接点题｜高｜依据类型＝简介。,更像“女主把自己的道走出来”，不是恋爱挂件文。,未见明显同名冲突。,,未知。,survey_not_ledger,deep_research,non_authoritative,w06_shallow50.md,2026-07-19T05:21:16+08:00
w06,ST-001,大魏读书人,起点中文网,七月未时,高,起点中文网｜七月未时｜高。,仙侠。,儒道修行+王朝危局的穿越文。,节引“武昌元年。大魏王朝，历经七次北伐而败……”,许清宵穿到大魏时，国库空、女帝新登基、妖魔乱世、藩王蠢动，国家一副要散架的样子。更要命的是，他自己开局只剩十二个时辰寿命，只能先用异术保命，再去走最强儒道体系。这个开局很抓人：不是慢慢读书等发迹，而是先活下来，再拿诗文与读书人的身份去改命、改局势。,儒道文圣流｜简介直接写“借助诗词文章一步步证道文圣”｜高｜依据类型＝简介；穿越｜官方简介与分发页都明确｜高｜依据类型＝书页/简介；王朝危局｜女帝登基、北伐失利等设定很清楚｜高｜依据类型＝简介。,读书不是清谈，是拿来续命和救国。,未见明显同名冲突。,,未知。,survey_not_ledger,deep_research,non_authoritative,w06_shallow50.md,2026-07-19T05:21:16+08:00
w06,ST-001,天下无敌！,起点中文网,乘风御剑,高,起点中文网｜乘风御剑｜高。,玄幻。,高武/玄幻升级文，主打一路打穿。,节引“每当我受到迫害、压榨时，我都会感到发自内心的高兴……”,公开文案给人的感觉很明确：主角不是怕事型，而是把压迫、敌意和对抗都当成自己往上冲的燃料。另一段官方文案又写到他追逐未来绝世剑客、为不负将来苦修，这说明它不是纯搞笑，而是标准强者目标驱动文。开局的“谁来压我我就更兴奋”，说白了就是为了给后面的连战连破、一路抬战力找理由。,升级流｜官方标题和简介都在往“无敌”推｜高｜依据类型＝书页；高武/东方玄幻｜QQ与起点分类一致｜高｜依据类型＝书页；偏战斗爽文｜简介强调对抗与击败强敌｜高｜依据类型＝简介。,压得越狠，主角越来劲。,题名很常见，但本条官方匹配到乘风御剑这本没有问题。,,未知。,survey_not_ledger,deep_research,non_authoritative,w06_shallow50.md,2026-07-19T05:21:16+08:00
w06,ST-001,天人图谱,起点中文网,误道者,高,起点中文网｜误道者｜高。,玄幻。,人体进化路线的东方玄幻。,节引“如果人类的生命可以一直强大下去，无限拔高……”,这书最核心的设定就一句话：人类的生命能不能一直往上拔，直到与天相接。开局从武毅、入考这类训练与选拔味很重的场景切进去，说明它不是靠突然捡宝，而是得在一套完整的身体、技艺、命机体系里一点点往上爬。主冲突也很硬：凡体有限，但人想继续升，那就得不断突破肉身和世界给的上限。,人体进化｜官方简介直接这么写｜高｜依据类型＝简介；东方玄幻｜官方频道与QQ页一致｜高｜依据类型＝书页；修炼体系感强｜章节名可见明显训练/入考路线｜中｜依据类型＝书页。,更像“把人练成更高等生命”那路玄幻。,未见明显同名冲突。,,未知。,survey_not_ledger,deep_research,non_authoritative,w06_shallow50.md,2026-07-19T05:21:16+08:00
w06,ST-001,天倾之后,起点中文网,佛前献花,高,起点中文网｜佛前献花｜高。,仙侠·现代修真。,现代世界污染后的修真/诡异生存文。,节引“我们的世界被污染了。”,开局不是古代山门，而是现代世界先坏掉：污染、超凡生物、鬼怪传说、跨界大门一起出现，旧秩序不够用了。故事就是从这个“天已经倾过一次”的局面往下走——人要么争渡，要么逃离。它的冲突很直接：世界越来越不像人类熟悉的样子，修行和进化成了活下去的硬需求，而主角要在这种崩坏感里找到还能走的路。,现代修真｜官方频道如此标｜高｜依据类型＝书页；污染/诡异世界｜简介明确写“世界被污染”｜高｜依据类型＝简介；末世感｜有跨界、争渡、逃离设定｜高｜依据类型＝简介。,佛前献花那种“世界不对劲了”的味还在。,未见明显同名冲突。,,未知。,survey_not_ledger,deep_research,non_authoritative,w06_shallow50.md,2026-07-19T05:21:16+08:00
w06,ST-001,天启预报,起点中文网,风月,高,起点中文网｜风月｜高。,奇幻。,灾厄体系下的黑暗奇幻成长文。,节引“我想要挨一顿毒打……”,这书开篇那句“我想挨一顿毒打”就知道不是正经热血模板。它写的是一个被灾厄、旧世界、深渊体系拖进去的人，靠着非常不普通的方式卷进大事件。看公开文案，书里有守墓人、调律师、灾厄之剑、天国捍卫者这些称号，说明世界观复杂且中二值拉满。主冲突就是：人在灾厄预报已响的世界里，到底能不能守住自己那点人味。,黑暗奇幻｜官方频道与称号体系都偏这一侧｜高｜依据类型＝书页；世界观驱动｜简介一长串称号明显不是小日常｜高｜依据类型＝简介；群像/大事件感｜“天启预报”本身就是大灾变叙事｜中｜依据类型＝书页/题名。,风月式的灾厄浪漫和疯感。,未见明显同名官方冲突。,,未知。,survey_not_ledger,deep_research,non_authoritative,w06_shallow50.md,2026-07-19T05:21:16+08:00
w06,ST-001,天命第一仙,起点中文网,寂寞我独走,高,起点中文网｜寂寞我独走｜高。,仙侠。,门派修仙+面板/天命式成长。,节引“想要修仙求长生？很好！请从守山弟子做起！”,沈墨穿过来时，不是什么绝世天才，而是临江宗里资质普通、看着没前途的外门弟子。正常路线他多半修不出来，但偏偏穿越福利和面板机制启动，让“没希望”的修仙生活有了新解法。开局看点就在这儿：别人靠天赋，他靠天命和不断优化自己的路线，先从守山弟子活下来，再一步步往真正的仙路上挤。,宗门起步｜官方简介写“守山弟子”｜高｜依据类型＝简介；面板/金手指｜分发简介明确写系统面板｜中｜依据类型＝出版/分发页；凡人流偏向｜资质普通、从底层起步｜高｜依据类型＝简介。,先别想着成仙，先把守山弟子干明白。,未见明显同名冲突。,,未知。,survey_not_ledger,deep_research,non_authoritative,w06_shallow50.md,2026-07-19T05:21:16+08:00
w06,ST-001,天才俱乐部,起点中文网,城城与蝉,高,起点中文网｜城城与蝉｜高。,科幻。,梦境、时空与秘密组织交织的科幻悬疑文。,节引“从出生开始，我每天都会做一个同样的梦……”,林弦从小就在反复做同一个梦，这本来就够怪了，更怪的是，梦里的线索会一点点牵出一个叫“天才俱乐部”的神秘组织。开局冲突不是打怪，而是“梦到底是真的假的”“梦和未来、现实是不是能互相改”。所以它读起来更像科幻包装下的谜题推进：主角要先搞懂自己为什么会被这个组织盯上，再决定要不要去动那条会改未来的时间线。,梦境谜题｜官方简介第一句就是核心设定｜高｜依据类型＝简介；时空要素｜问书页明确提到时空探索与未来线变动｜高｜依据类型＝书页问答；秘密组织｜“天才俱乐部”就是组织名｜高｜依据类型＝书页。,拿“重复梦境”当钥匙去撬未来。,未见明显同名官方冲突。,,未知。,survey_not_ledger,deep_research,non_authoritative,w06_shallow50.md,2026-07-19T05:21:16+08:00
w06,ST-001,天才只是我的门槛！,起点中文网,碳烤竹笋,高,起点中文网｜碳烤竹笋｜高。,都市。,重生幼年+科研成长的都市科技文。,节引“无系统+天才+日常+科研+科技+大国腾飞”,林东重生回幼儿时期，壳子很小，灵魂却是“成年人上号”。这决定了他的开局玩法不是校园打脸，而是提前把认知、学习能力和科研路线拉满。公开简介里一路写到激光武器、无人机、太空战机，说明故事会从少年成长一路推到国家级科技跃迁。主冲突也挺明确：极限天赋能不能真的变成现实科技，而不是空喊口号。,重生回幼年｜官方简介明写｜高｜依据类型＝简介；科研文｜官方标签直接列出｜高｜依据类型＝简介；无系统天才流｜官方明确强调“无系统”｜高｜依据类型＝简介。,不是“有系统所以强”，是“天赋强到系统都嫌多余”。,未见明显同名冲突。,,未知。,survey_not_ledger,deep_research,non_authoritative,w06_shallow50.md,2026-07-19T05:21:16+08:00
w06,ST-001,天渊,番茄小说,沐潇三生,高,番茄小说｜沐潇三生｜高。,传统玄幻。,禁区归来+修为尽废再起的玄幻文。,节引“百年前，陈青源进入了一个名为天渊的禁区……”,陈青源百年前进了天渊禁区，外界都以为他死了。结果人是活着回来了，但修为废了、灵根断了，外头还等着他的退婚、轻视和各宗欺压。这个开局其实很标准：从“曾经的人设已死”开始，主角得先在人人看衰的局面里重新把自己立起来。主冲突是禁区到底给了他什么，以及一个“废人”怎么把所有人的判断打回去。,禁区归来｜官方简介直接写｜高｜依据类型＝简介；废柴再起｜修为尽废、灵根断裂写得很清楚｜高｜依据类型＝简介；退婚流要素｜简介直接点到“红颜悔婚”｜高｜依据类型＝简介。,人从禁区回来，故事才刚开始。,有海外科幻同名《A Deepness in the Sky》，但与你书单所指的网文《天渊》不是一回事。,,未知。,survey_not_ledger,deep_research,non_authoritative,w06_shallow50.md,2026-07-19T05:21:16+08:00
w06,ST-001,天灾第十年跟我去种田,起点中文网,南极蓝,高,起点中文网｜南极蓝｜高。,科幻空间。,末世天灾后期的种田生存文。,节引“熬过核污染水排海、全蓝星火山大爆发和伽马射线暴之后……”,时间点不是灾难刚爆发，而是“天灾第十年”，这点很关键。夏青已经熬过最凶那段，现在要做的不是到处逃命，而是走出安全区，争一块地、把田种起来。说白了就是末世进入新阶段：人不只是活着，还要恢复生产、建立自己的地盘和秩序。主冲突就落在“安全区外到底能不能活成真正的日子”。,末世天灾｜官方简介信息非常完整｜高｜依据类型＝简介；种田流｜书名直接点题且简介如此写｜高｜依据类型＝书页；女主生存流｜简介以夏青为行动主体｜高｜依据类型＝简介。,灾后十年，不是逃难文，是重建生活文。,未见明显同名官方冲突。,,未知。,survey_not_ledger,deep_research,non_authoritative,w06_shallow50.md,2026-07-19T05:21:16+08:00
w06,ST-001,天生仙种,起点中文网,太湖霸王,高,起点中文网｜太湖霸王｜高。,仙侠。,家族出身的长生修仙文。,节引“天生一个修仙种子，崛起于微末寒族……”,这本写得很直给：主角不是从顶级宗门空降，而是出身微末寒族，却偏偏是块“天生仙种”。因此开局冲突就很传统也很好懂——有天赋，但没背景、没资源，怎么从小家族和底层修仙生态里一点点往上拱。味道上偏稳扎稳打，重“长生路”而不是一章封神。,家族修仙｜二手整理明确有筑基小家族背景｜中｜依据类型＝书评/整理；长生流｜官方简介直接点明｜高｜依据类型＝简介；寒门/底层起步｜简介写“崛起于微末寒族”｜高｜依据类型＝简介。,更像是慢慢修上去，不是一路炸图。,未见明显同名官方冲突。,,未知。,survey_not_ledger,deep_research,non_authoritative,w06_shallow50.md,2026-07-19T05:21:16+08:00
w06,ST-001,天道图书馆,起点中文网,横扫天涯,高,起点中文网｜横扫天涯｜高。,玄幻。,教师主角+系统图书馆的搞笑升级文。,节引“张悬穿越异界，成了一名光荣的教师……”,张悬穿越后最大的外挂，不是神兵，而是脑海里多了个“天道图书馆”。他看过的人和物，都会自动生成一本写满缺点的书。于是开局玩法就固定了：别人辛苦试错，他上来先看缺点，拿着“查错题本”去教学生、收徒弟、打强者。主冲突不复杂，就是一个废柴老师怎么靠这个离谱外挂，一路教到天下最强。,系统流｜图书馆金手指就是系统式外挂｜高｜依据类型＝简介；师徒文｜简介明确写教学生收徒弟｜高｜依据类型＝简介；轻松搞笑｜官方摘句本身就很闹腾｜高｜依据类型＝简介。,查错题本式外挂，拿来修仙育人。,未见明显同名冲突。,,未知。,survey_not_ledger,deep_research,non_authoritative,w06_shallow50.md,2026-07-19T05:21:16+08:00
w06,ST-001,天骄退婚，我提取词条修行,起点中文网,一直重拳,高,起点中文网｜一直重拳｜高。,玄幻。,退婚流+词条金手指的玄幻升级文。,节引“穿越成沈家被厌弃的后辈，皇室却将天之骄女赐婚给了自己。”,沈寒一穿过来，就站在很典型的“退婚羞辱流”门口：皇室赐婚给他，但天之骄女喜欢的是别人，家族上下也觉得他配不上。正常人会认命，他偏不。这书的意思也很明白——靠“提取词条”这种金手指，把自己从人人看不起的边角料，硬修成真正能匹配甚至反压天骄的人。冲突就是面子和命运一起打回来。,退婚流｜简介核心冲突就是这个｜高｜依据类型＝简介；词条金手指｜题名直接写｜高｜依据类型＝书页；玄幻升级｜频道和简介一致｜高｜依据类型＝书页。,把退婚流和词条流拧到一起。,未见明显同名冲突。,,未知。,survey_not_ledger,deep_research,non_authoritative,w06_shallow50.md,2026-07-19T05:21:16+08:00
w06,ST-001,太上章,起点中文网,徐公子胜治,高,起点中文网｜徐公子胜治｜高。,玄幻。,上古神话气质很重的修行长篇。,节引“出身于莽荒之地的少年，冲破艰难险阻……”,这本的开局就是老牌神话修行味：一个出身莽荒之地的少年，从很原始很艰苦的地方起步，一路去碰更高层次的天地、人神与造化问题。它不是那种快节奏都市挂，而是明显往远古、创道、登顶那种大开大合的方向走。主冲突说白了就是：一个边地少年怎么把自己的路走到“创道之巅”。,上古神话感｜书名与简介都如此｜高｜依据类型＝书页；少年成长｜官方简介直接写｜高｜依据类型＝简介；证道/创道｜简介写“成就创道之功”｜高｜依据类型＝简介。,徐公子胜治那种“往古意和大道感上写”的代表作。,未见明显同名冲突。,,未知。,survey_not_ledger,deep_research,non_authoritative,w06_shallow50.md,2026-07-19T05:21:16+08:00
w06,ST-001,太上金阙,起点中文网,弃还真,高,起点中文网｜弃还真｜高。,仙侠。,神道到仙道一体的古典仙侠。,节引“太初有道，神与道同，是谓太一……”,这本一上来先讲宇宙源头和道统源流，说明它不是从小人物柴米油盐切，而是先把格局架高。故事应该就是在这样一个神与道相缠、太一/无极这些概念直接入场的世界里，写角色沿着神道、仙道或者两者混合的路径往上修。读它更像看一部设定先行的古典仙侠，主冲突在“我如何在大体系里找到自己的道位”。,古典仙侠｜官方频道如此标｜高｜依据类型＝书页；设定先行｜简介几乎全在铺宇宙论｜高｜依据类型＝简介；神道仙道混合感｜“神与道同”非常明显｜高｜依据类型＝简介。,喜欢看大道设定的，会比喜欢日常的更对口。,未见明显同名冲突。,,未知。,survey_not_ledger,deep_research,non_authoritative,w06_shallow50.md,2026-07-19T05:21:16+08:00
w06,ST-001,太古第一仙,起点中文网,风青阳,高,起点中文网｜风青阳｜高。,武侠。,仙尸还魂+无敌流仙侠。,节引“云逍死后魂飞天际时，看到了一个震撼画面……”,云逍死后没彻底散，反而看见自己所在的人间像一座坟墓，坟下还有太古巨棺和仙尸。这个设定一出来，开局就不是凡俗逆袭，而是直接把格局拉到“世界都可能是某位恐怖存在的葬地”。他随后遁入仙尸还魂重生，等于开局先死再开。主冲突就是：在这样一个诡大设定里，他怎么顺着这具仙尸和自己的新命数，一路杀上仙路。,还魂重生｜公开简介直写｜高｜依据类型＝简介；无敌流仙侠｜官方宣传语已点明｜高｜依据类型＝书页；大设定玄幻感｜坟墓世界、太古巨棺很明显｜高｜依据类型＝简介。,先给你看世界像坟，再让主角从仙尸里爬回来。,17K与起点都能检到作者同书，但起点身份页清楚。,,未知。,survey_not_ledger,deep_research,non_authoritative,w06_shallow50.md,2026-07-19T05:21:16+08:00
w06,ST-001,太尊！,起点中文网,莫默,高,起点中文网｜莫默｜高。,玄幻。,凡域少年被狐妖带上修行路的玄幻文。,节引“这个破烂的世界，总有人在缝缝补补。”,杨义出身凡域，开局最关键的触发器不是奇遇秘境，而是一只会化人形的狐妖月见。她一句“想修行吗”，基本就把主角从普通世界拖进了另一套规则里。公开文案的味道很明确：世界本身是破的，修行不是纯个人升级，也带点“修补世界裂口”的意味。主冲突就是一个底层少年怎么在坏掉的世界里把自己修成“太尊”。,妖物引路｜官方首章与简介都点到狐妖月见｜高｜依据类型＝书页；草根升级｜主角出身凡域｜高｜依据类型＝书页/分发页；玄幻修行｜官方频道如此标｜高｜依据类型＝书页。,莫默这本的钩子很直接，狐妖一出场就把门打开了。,未见明显同名冲突。,,未知。,survey_not_ledger,deep_research,non_authoritative,w06_shallow50.md,2026-07-19T05:21:16+08:00
w06,ST-001,太平令,起点中文网,阎ZK,高,起点中文网｜阎ZK｜高。,玄幻。,乱世群像感很重的玄幻/架空历史文。,节引“天下已纷乱三百余年……”,这书的底色不是“学院开局”而是乱世开局。天下已经乱了三百多年，说明主角一睁眼面对的不是某一朝的问题，而是长期失序后的整片大局。阎ZK常写那种个人命运被大时代裹挟的味道，所以这本大概率也是：主角从个人遭遇起步，慢慢卷进更大的天下棋盘。主冲突就在“一个人能不能在太平早没了的世界里，重新争出一个太平令”。,乱世流｜官方简介如此开篇｜高｜依据类型＝简介；群像/大时代感｜书名和简介都在往这边指｜中｜依据类型＝书页/简介；玄幻混历史气质｜官方频道是玄幻，但设定像乱世史诗｜中｜依据类型＝书页。,不是只看主角升级，也看大局怎么动。,未见明显同名冲突。,,未知。,survey_not_ledger,deep_research,non_authoritative,w06_shallow50.md,2026-07-19T05:21:16+08:00
w06,ST-001,太虚至尊,起点中文网,苍天霸主,高,起点中文网｜苍天霸主｜高。,玄幻。,替嫁/退婚情绪很强的玄幻逆袭文。,节引“江凡，我后悔了！”,江凡的开局冲突很直球：原本被嫌弃、被看不起，结果婚约和人生很快发生大转折，甚至走到“她后悔了”的地步。再叠上“替嫁”“把姐姐培养成女帝”这些信息，就知道这书不是慢热修仙，而是情绪值很高的打脸逆袭文。主线就是看一个被低估的人，怎么把当初看不起自己的人一一压回去。,退婚/后悔流｜官方简介核心句就是这个｜高｜依据类型＝简介；玄幻逆袭｜频道如此标注｜高｜依据类型＝书页；情绪驱动爽文｜简介明显走强情绪路线｜高｜依据类型＝简介。,这类文的关键字都给足了：嫌弃、替嫁、后悔、反压。,未见明显同名冲突。,,未知。,survey_not_ledger,deep_research,non_authoritative,w06_shallow50.md,2026-07-19T05:21:16+08:00
w06,ST-001,夺嫡在嘉靖朝,起点中文网,夜星月语,高,起点中文网｜夜星月语｜高。,历史。,嘉靖晚年储位之争的历史权谋文。,节引“大明嘉靖二十八年，太子薨，储位空缺……”,时间点卡得很准：嘉靖二十八年，太子死了，东宫空了，裕王和景王的争储直接牵出全朝文武的生死与站队。书里还把张居正、高拱、海瑞、戚继光等人放在“尚未来到他们历史高光时”的阶段，这就意味着它的看点不是复读史实，而是看这些人还没定型时，主角怎么在储位风暴里下注、周旋、求生。,明史权谋｜官方简介极明确｜高｜依据类型＝简介；夺嫡文｜书名与简介完全一致｜高｜依据类型＝书页；群臣群像｜简介列出大量历史人物｜高｜依据类型＝简介。,嘉靖朝最有戏的那段，被它挑出来单写了。,未见明显同名冲突。,,未知。,survey_not_ledger,deep_research,non_authoritative,w06_shallow50.md,2026-07-19T05:21:16+08:00
w06,ST-001,女侠且慢,起点中文网,关关公子,高,起点中文网｜关关公子｜高。,玄幻。,武侠壳下的人物关系与江湖庙堂文。,节引“女侠且慢，你可知我是什么人？”,这本开局就拿对白立人设：男主身上叠了一串敏感身份，女侠则一副“我就是要砍你”的架势。说明它不是纯打怪升级，而是很看人物关系、误会、立场和拉扯。关关公子一贯擅长把江湖、朝局和男女对峙揉在一起，这本看公开文案也差不多：先把人设冲起来，再让他们在更大的风波里互相试探。,武侠气质｜虽挂玄幻，但人物口吻与题名都很武侠｜中｜依据类型＝书页/简介；强人物关系｜官方摘句就靠关系冲突立钩子｜高｜依据类型＝简介；江湖朝堂混合｜简介里的身份链很明显｜高｜依据类型＝简介。,先别打，先把这层关系捋明白。,未见明显同名冲突。,,未知。,survey_not_ledger,deep_research,non_authoritative,w06_shallow50.md,2026-07-19T05:21:16+08:00
w06,ST-001,她是剑修,起点中文网,闲等渡鸦飞却,高,起点中文网｜闲等渡鸦飞却｜高。,仙侠奇缘。,女主剑修成长文。,节引“你看三千世界天外天，何处是我的去处……”,赵莼这条路写得很“纯剑修”：她不要情爱妄念，也不是冲着凡俗成功学去的，而是从挥剑那一刻起，就只认自己的那条路。开局能看出来她并非一上来就站很高，而是要从行走、见世面、进修界开始，一步步把“她为什么是剑修”这件事立住。核心冲突不复杂，就是世界很大，路很多，她偏要走最孤最直的那条。,女主剑修｜题名与简介直接点题｜高｜依据类型＝书页；无CP倾向｜分发页明确写“无cp女主视角修真文”｜中｜依据类型＝分发页；成长流｜从远行开始的推进很明显｜中｜依据类型＝分发页/目录。,把“剑修”这两个字写得很正。,未见明显同名冲突。,,未知。,survey_not_ledger,deep_research,non_authoritative,w06_shallow50.md,2026-07-19T05:21:16+08:00
w06,ST-001,妖修得道，从山魈到混沌魔猿,起点中文网,莲藕排骨汤呀,高,起点中文网｜莲藕排骨汤呀｜高。,仙侠。,妖族主角的进化修仙文。,节引“从山魈到混沌魔猿”,主角不是人修，而是从山魈这种妖物起步，目标却直奔混沌魔猿这种顶格血脉。光书名就把路线说明白了：这不是宗门凡人修仙，而是妖修进化链。开局看点很直接——你起点低、种族也不占便宜，但你能不能一步一步把血脉、功法、妖躯都抬上去，最后从小妖修成真正的妖中大能。,妖修主角｜题名直接定性｜高｜依据类型＝书页；进化流｜从山魈到混沌魔猿就是升级路线｜高｜依据类型＝书页；非人主角｜公开资料明确主角叶瑾/山魁是妖修｜中｜依据类型＝百科。,人都修腻了的话，这本就是看妖怎么修上去。,未见明显同名冲突。,,未知。,survey_not_ledger,deep_research,non_authoritative,w06_shallow50.md,2026-07-19T05:21:16+08:00
w06,ST-001,妖皇神宠进化,**精确题名未找到**；公开能稳定检到的近名作品是《妖皇神宠进化系统》,一朝好梦,低,**精确题名未找到**；公开能稳定检到的近名作品是《妖皇神宠进化系统》｜一朝好梦｜低。,近名官方页显示为都市。,若书单所指即近名作品，则是都市神宠养成+系统进化文。,**缺官方简介**；仅检到近名《妖皇神宠进化系统》相关页。,按近名《妖皇神宠进化系统》的公开资料看，故事大概是都市背景下，主角靠“妖皇/神宠系统”去培养各类宠物或妖兽，让它们不断进化，再反过来带动自己变强。这类文的主冲突一般不在庙堂或修仙宗门，而在资源、培养路线和战斗进阶。如果你书单里写的其实就是这本，那它大概率属于轻快型神宠进化爽文。,神宠进化｜近名书名直接指向｜中｜依据类型＝仅题名；系统流｜近名官方名带“系统”｜中｜依据类型＝书页；都市异能｜近名官方页如此标｜中｜依据类型＝书页。,如果认的是近名那本，本质就是“养宠物也能滚雪球”。,**精确题名《妖皇神宠进化》未找到官方书页，需认亲；当前最接近的是《妖皇神宠进化系统》。**,Y,未知。,survey_not_ledger,deep_research,non_authoritative,w06_shallow50.md,2026-07-19T05:21:16+08:00
w06,ST-001,子孙烧香，把我供成真仙了,起点中文网,嬴麻了,高,起点中文网｜嬴麻了｜高。,仙侠。,祖宗视角+香火模拟器的修仙家族文。,节引“您在修仙界的子孙供奉了一盘点心……香火值+10”,杨根硕现实里只是个剧本杀店老板，生意亏到欠债，结果意外拿到“修仙家族模拟器”这种玩法，变成能隔空影响修仙界杨家后人的祖宗位格。子孙烧香、供奉，他就能拿香火值做选择、给反馈。开局冲突挺新鲜：不是主角亲自进修仙界砍怪，而是隔着祖宗视角，看一整个家族怎么在修仙界起家，而自己又怎么从“祖宗牌位”被真供成仙。,模拟器/系统｜官方短摘很明显｜高｜依据类型＝书页；家族流｜问书页明确围绕杨家发展｜高｜依据类型＝书页问答；祖宗视角｜题名与香火机制共同指向｜高｜依据类型＝书页。,别人修仙，这本让你当祖宗在外面指挥。,未见明显同名冲突。,,未知。,survey_not_ledger,deep_research,non_authoritative,w06_shallow50.md,2026-07-19T05:21:16+08:00
w06,ST-001,学霸的黑科技系统,起点中文网,晨星LL,高,起点中文网｜晨星LL｜高。,科幻。,学霸升级+科研推进的科技爽文。,节引“系统，积分能换钱吗？”,陆舟拿到的外挂很朴素：让你成为学霸，但不给你直接发钱。于是故事就从校园和学术训练切进来，再一路把数学、物理、工程、可控核聚变这些大项目往上推。开局的主要矛盾其实挺生活化——一个普通学生怎么靠系统把学习和科研玩成真正的硬通货，后面再慢慢把个人成长接到国家科技跃迁上。,系统流｜官方简介直写｜高｜依据类型＝简介；学霸文｜题名直接点题｜高｜依据类型＝书页；科研科技｜公开简介写到从数学到可控核聚变｜高｜依据类型＝简介。,用最通俗的方式，把“搞科研也能爽”写出来。,未见明显同名冲突。,,未知。,survey_not_ledger,deep_research,non_authoritative,w06_shallow50.md,2026-07-19T05:21:16+08:00
w06,ST-001,宇智波赤石之旅,起点中文网,臀桥仙人,高,起点中文网｜臀桥仙人｜高。,轻小说。,火影同人，从宇智波普通成员视角重走忍界。,节引“宇智波赤石与波风水门同期毕业……”,赤石不是鸣人、佐助那种天生舞台中央角色，他和水门同期毕业，按原本命运多半只是宇智波警务部里一个普通忍者，最后在灭族之夜被顺手送走。书的钩子就在这儿：给一个“本来没资格活到大结局”的宇智波成员第二次机会，看他怎么在忍界既定大事件里自保、改线，甚至走出自己的旅程。,火影同人｜宇智波、水门、灭族之夜这些关键词非常明确｜高｜依据类型＝简介；小人物改命｜官方简介直接告诉你原本下场｜高｜依据类型＝简介；轻小说衍生｜官方频道这么标｜高｜依据类型＝书页。,给“本来该死的宇智波路人”一次重跑机会。,未见明显同名冲突。,,未知。,survey_not_ledger,deep_research,non_authoritative,w06_shallow50.md,2026-07-19T05:21:16+08:00
w06,ST-001,完美世界,起点中文网,辰东,高,起点中文网｜辰东｜高。,玄幻。,大荒成长史诗，少年从荒村走向诸天。,节引“一粒尘可填海，一根草斩尽日月星辰。”,石昊的起点其实很“荒”：从大荒里的石村走出来，一路碰祭灵、宝术、古国、学府、秘境和诸族大战。它最吸人的地方不只是爽，而是世界够大、设定够古老，主角的成长和整个世界命运绑得很紧。开局冲突是少年如何在危险到离谱的大荒活下来，后面再慢慢推到更大的天与地。,少年成长史诗｜官方简介与作品定位都如此｜高｜依据类型＝书页；大荒/远古玄幻｜简介与公开介绍非常明确｜高｜依据类型＝简介；世界观宏大｜古国、学府、秘境等设定信息充分｜高｜依据类型＝分发页。,辰东宇宙里，最典型的“从荒里打出去”。,有动画、出版等衍生，但原著身份清楚。,,未知。,survey_not_ledger,deep_research,non_authoritative,w06_shallow50.md,2026-07-19T05:21:16+08:00
w06,ST-001,完美人生，从改变时间线开始,起点中文网,不是老狗,高,起点中文网｜不是老狗｜高。,都市。,重回千禧年媒体圈的都市改命文。,节引“2001年，刚刚进入《南都报》成为文娱记者实习生的李木……”,李木开局是 2001 年《南都报》的文娱记者实习生，日子普通得不能再普通，结果梦里的未来自己给了他一组彩票号码。第二天号码真中了，时间线也从此拐弯。这书不是一脚油门冲首富，而是先从媒体行业、文娱圈和千禧年前后的城市生活慢慢切。主冲突就是：知道一点未来后，人生能改到什么程度，以及你愿意把它改成什么样。,都市重生/改命｜题名直接写“改变时间线”｜高｜依据类型＝书页；记者/媒体行业｜官方简介明确｜高｜依据类型＝简介；千禧年背景｜官方简介直接给出2001年｜高｜依据类型＝简介。,不是重生去炒股模板，是从媒体和文娱圈改线。,未见明显同名冲突。,,未知。,survey_not_ledger,deep_research,non_authoritative,w06_shallow50.md,2026-07-19T05:21:16+08:00
w06,ST-001,家族修仙：从御兽开始崛起,起点中文网版权分发可证,中天紫薇大帝,中,起点中文网版权分发可证｜中天紫薇大帝｜中。,男生小说-仙侠武侠。,御兽+家族经营的修仙文。,节引“凡人流，家族流，种田流，御兽流，无系统……”,主角原本只是办公室职员，一睁眼已经成了御兽修仙家族的子弟。跟很多个人飞升文不一样，这本从一开始就把“家族”放核心：你不是只顾自己练级，还得考虑灵兽、族产、后辈和宗族生存。主冲突很清楚，就是一个小家族怎么在修仙界靠御兽这条路慢慢做大，而主角又怎么在家族和个人长生之间找到平衡。,家族流｜官方简介直接写｜高｜依据类型＝简介；御兽流｜题名与简介都直接写｜高｜依据类型＝书页；种田经营｜官方简介明确列出｜高｜依据类型＝简介。,想看“不是一个人修仙”，这本很对口。,官方精确书页在公开搜索里不算特别稳，但版权分发与作者信息可对上，故压中置信。,,未知。,survey_not_ledger,deep_research,non_authoritative,w06_shallow50.md,2026-07-19T05:21:16+08:00
w06,ST-001,家族崛起：从每日情报开始,起点中文网,我爱吃韭菜煎蛋,高,起点中文网｜我爱吃韭菜煎蛋｜高。,仙侠。,家族修仙+每日情报系统文。,节引“每日情报已更新……”,傅长生接手家族时，局面已经很糟：南蛮入侵，长辈几乎死光，只剩下修真四子苦撑。好在他有“每日情报”这种很实用的外挂，今天谁会捡到灵果、哪里有矿脉、几天后哪边会被袭击，全能提前知道。于是开局就不是热血喊口号，而是靠信息差把家族一点点盘活。主冲突就是：小家族能不能在危局里靠情报滚成大势力。,家族流｜书名与介绍都很明确｜高｜依据类型＝书页；情报系统｜官方/分发简介直接写｜高｜依据类型＝简介；修仙经营｜家族矿脉、族地、修真四子都指向经营路线｜高｜依据类型＝简介。,不是“抽奖爆神装”，是“信息差救全族”。,未见明显同名冲突。,,未知。,survey_not_ledger,deep_research,non_authoritative,w06_shallow50.md,2026-07-19T05:21:16+08:00
w06,ST-001,富到第三代,起点中文网,陶良辰,中,起点中文网｜陶良辰｜中。**现公开官方主展示名更常见为《拼到第三代》；《富到第三代》应是旧名/筹备名。**,都市。,重回世纪之交的富二代/商战日常文。,**缺与题名单完全一致的官方完整简介**；现官方更稳定可见的是《拼到第三代》简介，节引“重活一世。站在前人肩膀上，搏浪世纪之交。”,如果按旧名《富到第三代》对应现名《拼到第三代》来看，主角苏业豪开局就不是穷学生，而是重生成了家里有钱、出身够高的年轻人。这样一来，故事重点就不是从零到一，而是“你手里本来就有筹码，怎么在世纪之交把它打成更大的盘子”。除了赚钱，它还会写豪门子弟的日常、人情、恋爱和商业选择。,都市重生｜现名官方简介明确｜高｜依据类型＝书页；富二代开局｜旧名/外部分发简介都这么写｜中｜依据类型＝书评/分发页；世纪之交背景｜官方简介直接点明｜高｜依据类型＝简介。,不是苦哈哈创业，是带着家底重来一遍。,**需认亲：公开官方更常见的现名是《拼到第三代》，而非《富到第三代》。**,,未知。,survey_not_ledger,deep_research,non_authoritative,w06_shallow50.md,2026-07-19T05:21:16+08:00
w06,ST-001,寒门贵子,17K小说网,地黄丸,中,17K小说网｜地黄丸｜中。**公开官方侧现名更常见为《开局重伤，我照样平天下创盛世》；《寒门贵子》应是旧名/分发名。**,历史军事 / 架空历史。,南北朝风味很浓的架空历史权谋文。,节引“徐佑从昏迷中睁开眼，看到胸腹间渗出的一丝血迹……”,徐佑醒来时，看到的是自己带伤的身体和一个持续流血的乱世。公开分发简介给得很清楚：他前世在金融界混过，这一世则要在类似南北朝门阀格局的架空时代里活下来、站上去。书不是单纯打仗，而是很重门第、庙堂、人物和时代气息。主冲突就是寒门或边缘出身的人，怎么在被门阀结构卡死的世界里硬挤到上层。,架空历史｜17K与分发页都如此标｜高｜依据类型＝书页/分发页；乱世权谋｜简介直接写“立江左、算庙堂、定乾坤”｜高｜依据类型＝简介；旧名/改名疑点｜官方现页主展示名发生变化｜中｜依据类型＝书页。,更像文笔派的历史权谋，不是纯流水账。,**需认亲：外部分发仍大量使用《寒门贵子》，但 17K 官方当前更常见现名已变。**,,未知。,survey_not_ledger,deep_research,non_authoritative,w06_shallow50.md,2026-07-19T05:21:16+08:00
w06,ST-001,封神我是萧升,起点中文网,妖的天空,高,起点中文网｜妖的天空｜高。,仙侠。,洪荒封神同人向大长篇。,节引“穿越洪荒，成为倒霉鬼萧升……”,主角直接穿成洪荒封神里不算最亮眼、甚至有点倒霉的萧升。这样一来，故事重点就不是“我是谁都不认识”，而是“我明知道这场封神大劫有多危险，还得在里面找活路和上升路”。而且公开简介把三皇五帝、封神、先秦、西游都串起来了，说明它不是只写那一仗，而是要把萧升整条修行线拉很长。,洪荒封神｜书名与简介完全一致｜高｜依据类型＝书页；穿越流｜官方简介直接写｜高｜依据类型＝简介；长线大世界｜简介跨度从封神写到西游｜高｜依据类型＝简介。,封神老角色翻身做主角。,未见明显同名冲突。,,未知。,survey_not_ledger,deep_research,non_authoritative,w06_shallow50.md,2026-07-19T05:21:16+08:00
w06,ST-001,封神：从吞噬补天石开始,起点中文网,可怜的懒虫,高,起点中文网｜可怜的懒虫｜高。,仙侠。,敖丙视角的封神改命文。,节引“吞四大灵猴，炼混沌真身。穿越敖丙，开局吞补天石……”,主角直接穿成敖丙，等于一上来就站在封神名场面的风口上。正常路线里敖丙下场大家都知道，所以这书的开局冲突特别清楚：既然知道原结局很惨，那就必须从“吞补天石、融人道龙气”开始硬改命。它不是慢吞吞地修，而是带着强烈的“我要把既定封神线掰弯”的目标往前冲。,封神同人｜书名直接定性｜高｜依据类型＝书页；敖丙主角｜公开简介明确写出｜高｜依据类型＝简介；吞噬进化味｜补天石、灵猴、混沌真身都指向强化路线｜高｜依据类型＝简介。,给敖丙换一条命线。,未见明显同名冲突。,,未知。,survey_not_ledger,deep_research,non_authoritative,w06_shallow50.md,2026-07-19T05:21:16+08:00
w07,ST-001,将夜,起点中文网,猫腻,高,起点中文网｜猫腻｜高｜证据见书页与作者相关介绍。,玄幻小说。,草根少年带着小侍女进都城、入书院、查旧仇，最后一路碰到更大的天命问题的东方玄幻。,摘录“与天斗，其乐无穷。”,故事开局是边城少年宁缺和桑桑相依为命，靠军伍与市井本事活下来。宁缺带着替家门翻案的心思进长安，想往上爬，也想查清旧案，于是一步步卷进书院修行、朝堂权谋和昊天信仰的巨大棋局。前半是寒门少年闯帝都，后面慢慢走到“人到底能不能逆天”的大冲突。,草根崛起｜评论介绍明确写“草根崛起史”｜高｜依据类型＝书评；书院修行｜书页与评论都指向书院、修行与昊天世界｜高｜依据类型＝书页。,少年气、修行味、宏大命题都很足。,本次检索未见比猫腻原作更强的同名首发干扰。,,未知。,survey_not_ledger,deep_research,non_authoritative,w07_shallow50.md,2026-07-19T05:21:16+08:00
w07,ST-001,尊敬的扫帚骑士大人,起点中文网,纳西利亚,高,起点中文网｜纳西利亚｜高｜证据见起点书页与QQ阅读详情。,轻小说／原生幻想。,带西幻气质的成长冒险文，少年从觉醒仪式起步，走上带点荒诞感的骑士成长路。,摘录“8岁的洛瑞·蒙特斯…站在觉醒仪式的光圈里。”,开局就是八岁的洛瑞·蒙特斯站上觉醒仪式，少年人生的分岔口直接摆在台前。书名里的“扫帚骑士”说明它不是那种正经沉重的骑士史诗，更像带点古怪设定的幻想成长故事：主角先要过觉醒这一关，再在身份、能力和世界规则里找到自己的位置，主冲突就是“怎么从稚嫩小孩活成被人正眼看的骑士”。,西幻成长｜书页出现觉醒仪式、骑士称谓，明显是西幻成长框架｜高｜依据类型＝书页；轻喜设定感｜题名与原生幻想频道一起指向偏轻巧设定流｜中｜依据类型＝书页。,骑士题材里掺了点不那么正经的趣味。,未见显著同名冲突。,,未知。,survey_not_ledger,deep_research,non_authoritative,w07_shallow50.md,2026-07-19T05:21:16+08:00
w07,ST-001,小嫡妻,晋江文学城,蔷薇晚,中,晋江文学城｜蔷薇晚｜中｜证据见晋江书页；另有出版页可交叉对照主角名与剧情方向。,言情。,古言宅斗底子上的重生婚恋文。,缺官方简介。,公开可见信息显示，这本书围着宁珞与景昀展开，走的是古代婚姻、家族与命运翻盘路线。按出版页简介，女主前世做过瑞王妃，因王府与家门牵连走到坏结局，重来一次后，她想先守住自己，再重新处理婚事和家族位置。但重生不等于清静，新的婚配、旧的权势、身边人的算计，还是会把她往局里推。,重生古言｜出版页明确写“前世…重生”脉络｜中｜依据类型＝简介；宅斗婚恋｜题名、平台频道与出版页主线都落在古代婚嫁家宅关系｜中｜依据类型＝简介。,更偏“重来一次把婚姻和命运理顺”的古言。,未见强同名冲突，但官方公开简介偏少，整体降一档。,,未知。,survey_not_ledger,deep_research,non_authoritative,w07_shallow50.md,2026-07-19T05:21:16+08:00
w07,ST-001,就叫我战术之王吧,起点中文网,池莫,高,起点中文网｜池莫｜高｜证据见书页与QQ阅读详情。,游戏／篮球运动。,篮球竞技文，主打战术脑和比赛执行。,摘录“篮球，不是一定要打打杀杀。”,从书页文案看，这书不是靠主角一路暴扣乱杀的爽文路子，而是把“战术”摆在明面上。主角想证明，打篮球不只靠身体天赋，也能靠阅读比赛、布置战术、拆解对手来赢。开局重点不是谁最能飞，而是谁最会看场上局势、把球队拧成整体。主冲突就是战术思维和传统个人英雄球之间的碰撞。,篮球竞技｜频道原文直接标“篮球运动”｜高｜依据类型＝书页；战术流｜题名与官方文案都把“战术”放核心位置｜高｜依据类型＝简介。,更像“篮球教练脑子装进球员身体里”的比赛文。,未见显著同名冲突。,,未知。,survey_not_ledger,deep_research,non_authoritative,w07_shallow50.md,2026-07-19T05:21:16+08:00
w07,ST-001,尸祸一六四四,起点中文网,老黑怪,高,起点中文网｜老黑怪｜高｜证据见起点书页与QQ阅读详情。,悬疑／诡秘悬疑。,明末背景下的丧尸＋悬疑生存文。,摘录“明崇祯十七年……丧尸横行。”,开局时间卡在明崇祯十七年，既是王朝将亡的节点，也是尸祸爆发的节点。大同总兵之子、边关将士、书生和流民这类典型乱世人物，会被同时丢进一个更糟的局里：外有王朝倾塌，内有死人复起。主角既得想办法活下去，也得在失序的军镇、城池和人群里找出路，最大冲突就是“人祸”和“尸祸”一起压上来。,明末丧尸｜书页明确写“明崇祯十七年”和“丧尸横行”｜高｜依据类型＝简介；历史悬疑｜频道标“诡秘悬疑”，背景又是明末历史节点｜高｜依据类型＝书页。,明末乱世里加尸灾，这个组合够狠。,未见显著同名冲突。,,未知。,survey_not_ledger,deep_research,non_authoritative,w07_shallow50.md,2026-07-19T05:21:16+08:00
w07,ST-001,山河志异,起点中文网,瑞根,高,起点中文网｜瑞根｜高｜证据见QQ阅读详情与作者页。,仙侠／古典仙侠。,小人物在奇山异水间摸索修道、闯世界的古典仙侠。,摘录“雨中山果落，扪心问道。”,这本书不是仙门天骄开局，而是很明显的小人物修行线。主角被丢进一个山河奇异、宗门林立、路数复杂的世界里，先得活，再谈道。故事前段更像一边赶路一边认世界：看山川、碰机缘、结识人、吃亏、悟道。它的主冲突不是短平快打脸，而是普通人在复杂修真秩序里怎么挣出自己的修行路。,小人物修仙｜官方简介直接写“小人物被迫…前行”｜高｜依据类型＝简介；古典仙侠｜频道原文直接标注｜高｜依据类型＝书页。,更重“走山河、见人心”的慢热修仙味。,未见显著同名冲突。,,未知。,survey_not_ledger,deep_research,non_authoritative,w07_shallow50.md,2026-07-19T05:21:16+08:00
w07,ST-001,山河稷,起点中文网,姬叉,高,起点中文网｜姬叉｜高｜证据见QQ阅读详情与作者页。,仙侠／幻想修仙。,世界像熔炉一样运转，主角想争到改天换火资格的修仙文。,摘录“终有一天，要让这炉火，换成我的火焰。”,公开简介把世界观说得很直白：天地像个大炉，万物都在被祭炼。主角不是来混日子的，他想把这套高高在上的祭炼秩序翻过来，换成自己的火。再结合前几章“凶案、失踪的管家、沈棠”等线索，它不是纯空中楼阁式设定文，而是从具体人和事开局，慢慢把个人命运推到更大的世界秩序冲突里。,世界炉鼎设定｜官方简介连续用“天地为炉”来立世界观｜高｜依据类型＝简介；幻想修仙｜频道原文直接标注｜高｜依据类型＝书页。,有姬叉一贯的大局设定味。,未见显著同名冲突。,,未知。,survey_not_ledger,deep_research,non_authoritative,w07_shallow50.md,2026-07-19T05:21:16+08:00
w07,ST-001,山海提灯,起点中文网,跃千愁,高,起点中文网｜跃千愁｜高｜证据见QQ阅读详情与作者页。,仙侠／幻想修仙。,出身卑微的少年在山海世界提灯求路、争一线出头机会的修仙文。,摘录“山海提灯，与皓月争辉！”,官方简介给的信息不算多，但开局那句“女人握着少年的手，手把手教他写出‘师’”很关键，说明主角的出身、姓氏乃至身份认同都带着来历。故事应该是从一个来路并不体面的少年开始，他得带着这盏“灯”往前走，在山海式的大世界里争修行、争前程、争存在感。核心冲突是小人物对抗高门大势与世界门槛。,小人物修仙｜官方简介从少年得姓写起，明显不是高门直给开局｜高｜依据类型＝简介；大世界冒险｜“山海”“提灯”“与皓月争辉”都指向远行与攀升｜中｜依据类型＝简介。,跃千愁很爱写这种“人往上拱”的路数。,未见显著同名冲突。,,未知。,survey_not_ledger,deep_research,non_authoritative,w07_shallow50.md,2026-07-19T05:21:16+08:00
w07,ST-001,巡天司,七猫中文网,他曾是少年,中,七猫中文网｜他曾是少年｜中｜证据见作者页作品列表与书旗详情。,幻想修真。,黑暗压境时，少年执巡天之责，收恶灵、镇异端的修真冒险文。,摘录“黑暗侵蚀，群魔乱舞。”,开局就给了一个烂透的世道：黑暗侵蚀，群魔乱舞，武陵城也不再太平。主角褚青霄处在这样的环境里，不只是单人求生，而是被推到“巡天司”这种带秩序意味的位置上，要去斩恶灵、镇异端、扶将倾之势。所以这书的冲突不是简单练功升级，而是个人成长和时代失序绑在一起，越走越会往大局上抬。,黑暗修真｜官方简介直接写黑暗侵蚀、群魔乱舞｜高｜依据类型＝简介；秩序执法线｜书名与简介都指向“巡天”“镇异端”｜高｜依据类型＝简介。,有点“末世感”的修真文。,检索到的稳定版本主要指向他曾是少年这本；因直接书页公开信息不如大站完整，降中。,,未知。,survey_not_ledger,deep_research,non_authoritative,w07_shallow50.md,2026-07-19T05:21:16+08:00
w07,ST-001,巡天妖捕,起点中文网,寂寞我独走,高,起点中文网｜寂寞我独走｜高｜证据见QQ阅读详情与起点书页。,仙侠／古典仙侠。,妖魔鬼怪遍地的世界里，一个妖捕边办案边卷入权谋的古典仙侠。,摘录“作为妖捕我压力好大啊！”,主角林季所在的世界既有阴婚、狐妖、夜行百鬼这些民间怪谈，也有明面上的权力争斗。妖捕这个身份决定了故事开局就会落在一件件“非人案件”上：谁害人、谁作怪、谁在借妖魔之事做人的局。读者看进去的抓手很明确，就是一个办诡案的人，越办越发现这世界不只是有鬼，还很会吃人。,诡案单元｜官方简介一口气列出多种妖异事件｜高｜依据类型＝简介；妖捕公职｜书页明确写“作为妖捕”｜高｜依据类型＝简介。,像把志怪办案和古典修仙焊在一起。,未见显著同名冲突。,,未知。,survey_not_ledger,deep_research,non_authoritative,w07_shallow50.md,2026-07-19T05:21:16+08:00
w07,ST-001,巫师：从合成宝石开始,起点中文网,橘猫龙,高,起点中文网｜橘猫龙｜高｜证据见起点书页与QQ阅读详情。,玄幻小说。,白巫师流资源经营＋研究成长文。,摘录“探索未知，追寻真理。”,故事开局是穿越者落在一个很缺资源的巫师世界，主角手里有“合成”类外挂，能把低级材料往高一级推。书名写宝石，但从可见简介和读者讨论看，核心不只合成宝石，更是拿这个能力去做魔植、魔药、炼金和血脉研究。主冲突不是一路莽，而是怎样在高门槛、重资源的巫师体系里靠研究和积累站稳。,巫师流｜书页题名和频道都明确｜高｜依据类型＝书页；科研经营感｜简介写到探索育种学、魔药学、炼金术等道路｜中｜依据类型＝书评。,不是暴力流，更像“巫师搞科研”。,未见显著同名冲突。,,未知。,survey_not_ledger,deep_research,non_authoritative,w07_shallow50.md,2026-07-19T05:21:16+08:00
w07,ST-001,巫师：从零开始打造魔像军团,起点中文网,爱看书爱写书,高,起点中文网｜爱看书爱写书｜高｜证据见起点书页与QQ阅读详情。,奇幻／史诗奇幻。,白巫师路线下的魔像军团流、西幻工业感成长文。,摘录“请求指令：军团投放。”,开局直接把“魔像军团”拍到你脸上：元素位面大战打崩，普通巫师快扛不住时，钢铁巨像砸场，真正的主角还在位面外投放军团。也就是说，这书不是一人一剑打天下，而是主角艾伦靠魔像体系、工业化调度和军团战法往上抬。核心冲突是混乱位面战争里，个人巫师怎么靠制造与统率打出压制力。,魔像军团流｜官方简介直接写“重装合成军团”｜高｜依据类型＝简介；白巫师｜官方简介明写“白巫师、无女主”｜高｜依据类型＝简介。,更像西幻版钢铁洪流修仙。,未见显著同名冲突。,,未知。,survey_not_ledger,deep_research,non_authoritative,w07_shallow50.md,2026-07-19T05:21:16+08:00
w07,ST-001,巫界征途,起点中文网,北辰之影,高,起点中文网｜北辰之影｜高｜证据见起点书页与QQ阅读详情。,奇幻。,芯片辅助的西幻巫师流征途文。,摘录“穿越异界成为纨绔小贵族。”,主角开局不是平民苦哈哈，而是穿进异界成了一个处境并不稳的小贵族。四周强敌环伺，他最大的底牌是类似芯片的辅助能力，能帮他理解巫师知识、规划修行与战斗路线。所以这书看点很清楚：一个最初并不强的人，靠冷静计算和体系化成长，一步步从贵族局面走到巫师征途深处。,芯片巫师流｜官方简介明确写芯片是最大依仗｜高｜依据类型＝简介；西幻成长｜频道归奇幻，设定是贵族与巫师体系｜高｜依据类型＝书页。,典型“有脑子开图”的巫师流。,未见显著同名冲突。,,未知。,survey_not_ledger,deep_research,non_authoritative,w07_shallow50.md,2026-07-19T05:21:16+08:00
w07,ST-001,巫颂,17K小说网,血红,高,17K小说网｜血红｜高｜证据见17K书页与作品介绍。,完本小说。,中国神话壳子下的巫道双修长篇。,摘录“超级特工夏侯穿越回…大夏朝。”,故事从现代特工夏侯穿越回神话色彩浓厚的大夏朝开始。他转生成蛮族巫武，又同时掌握道家法门，等于天生就踩在“巫道双修”的分叉点上。书不是只写主角个人升级，而是一路把巫教兴衰、道家崛起、远古文明和神话谜团往外掀。主冲突就是个人变强和整个神话时代真相同时推进。,穿越神话修真｜官方简介明确写现代特工穿回神话大夏｜高｜依据类型＝简介；巫道双修｜官方简介直接点明｜高｜依据类型＝简介。,老派大长篇，神话味很重。,未见显著同名冲突。,,未知。,survey_not_ledger,deep_research,non_authoritative,w07_shallow50.md,2026-07-19T05:21:16+08:00
w07,ST-001,巫风,起点中文网,血红,高,起点中文网｜血红｜高｜证据见起点书页与QQ阅读详情。,仙侠／神话修真。,末法气息很重的神话修真文，盯着“活着”这个终极命题打。,摘录“——他们去哪了？——伟大的远征！”,官方简介一上来就在问“他们去哪了”，说明故事从一桩大失踪、大远征后的残局切入。世界不是明朗的上升期，而是“死亡”压顶、谁都想活下去的环境。主角会在这样的环境里碰到泥地里的小人物，也碰到俯瞰众生的上层强者。往前推的核心不是单纯成仙，而是怎么在一个末法、残酷、人人被终极恐怖追着跑的世界里活得有样子。,神话修真｜频道原文直接标注｜高｜依据类型＝书页；末法求生｜采访明确称其为末法时代小人物故事｜高｜依据类型＝书评。,比起飞升，它更先问你“人为什么活”。,未见显著同名冲突。,,未知。,survey_not_ledger,deep_research,non_authoritative,w07_shallow50.md,2026-07-19T05:21:16+08:00
w07,ST-001,帝国大闲人,原发平台未稳定定位,流通版本多指向作者“我本尘浮”,低,原发平台未稳定定位｜流通版本多指向作者“我本尘浮”｜低｜证据仅见第三方书页与检索问答，未定位可信官方首发页。,第三方页写“军事”；原发平台未知。,穿越后本想躺平，却被局势逼成搞建设、抗外敌的帝国经营文。,缺官方简介。,能公开对上的主线，是主角方昊穿越以后本来只想当个“大闲人”，但现实并不让他躺平：内部有麻烦，外部也有压力，最后被逼着去种田、搞工业、管势力、挡外侵。也就是说，它不是纯朝堂，也不是纯战争，更像一个“我本来不想管事，结果国家全在逼我出手”的经营升级路子。因为没找到官方首发页，这段梗概只给低把握。,穿越经营｜第三方简介写“穿越、种田、发展工业”｜低｜依据类型＝简介；被动救世｜第三方简介明确写“逼成了救世主”｜低｜依据类型＝简介。,想躺平却被时代拎起来干活。,**没找到可信官方首发页，需认亲。**,Y,未知。,survey_not_ledger,deep_research,non_authoritative,w07_shallow50.md,2026-07-19T05:21:16+08:00
w07,ST-001,帝霸,起点中文网,厌笔萧生,高,起点中文网｜厌笔萧生｜高｜证据见QQ阅读详情与起点书页。,玄幻／东方玄幻。,老怪物李七夜醒来后横推诸天、回收旧布局的超长篇东方玄幻。,摘录“想要成神？养一条鲤鱼就行。”,这书的开局根本不是普通少年，而是活过极长岁月的李七夜醒来后重新上桌。他过去种过竹、养过鱼、带过小女孩，这些“旧人旧事”在今天都变成了神灵、金龙和女帝，所以故事的抓手其实很直白：一个见过太多时代的老怪物，再次回到台前，去收束旧因果、踩碎挡路者。主冲突就在他和各时代天骄、宗门、神魔之间。,老怪物主角｜官方简介直接列出主角在千万年前的布置｜高｜依据类型＝简介；东方玄幻｜频道原文直接标注｜高｜依据类型＝书页。,就是看李七夜把别人一辈子的事当旧账翻。,未见显著同名冲突。,,未知。,survey_not_ledger,deep_research,non_authoritative,w07_shallow50.md,2026-07-19T05:21:16+08:00
w07,ST-001,帝龙,起点中文网,唐宋元明氢,高,起点中文网｜唐宋元明氢｜高｜证据见起点书页与QQ阅读详情。,奇幻／史诗奇幻。,以龙为主角的高位奇幻成长文。,摘录“四大基本力是我掌控的权能。”,主角不是人，是龙，而且不是普通龙。他从一开始就被放在极高设定里：四大基本力、帝龙权能、诸神颤抖，讲白了就是一条要从强者走到更强、甚至改写诸界秩序的龙。开局吸引人的地方在于视角转换——不是人类在仰望龙，而是龙自己在讲它如何面对众神、众生和无数世界的臣服与反抗。,龙主角｜官方简介直接写“帝龙撒加”｜高｜依据类型＝简介；高位奇幻｜频道标“史诗奇幻”，简介也直冲诸神与诸界｜高｜依据类型＝书页。,本质是“龙当主角”的爽飙奇幻。,未见显著同名冲突。,,未知。,survey_not_ledger,deep_research,non_authoritative,w07_shallow50.md,2026-07-19T05:21:16+08:00
w07,ST-001,平平无奇大师兄,起点中文网,黑夜弥天,高,起点中文网｜黑夜弥天｜高｜证据见起点书页与搜书页。,轻小说。,修仙误会流喜剧，主角外在像绝世高人，内里却总怀疑自己不行。,摘录“陆长生很难受。”,陆长生穿越修仙世界后，长相、气质、异象全都像主角模板，别人看他一步一仙气，开口就是高人风范。可他自己偏偏觉得自己修炼很普通，甚至怀疑自己是不是废。于是，故事最有意思的地方就来了：主角越低调，旁人越脑补；主角越想安稳，误会越往外滚。主冲突就是“自我认知”和“外界认知”完全反着来。,误会流｜官方简介整段都在写“看起来很强，其实自己不信”｜高｜依据类型＝简介；修仙喜剧｜频道是轻小说，但内容明显用反差制造笑点｜高｜依据类型＝简介。,一本把“装高手”玩成天然笑点的修仙文。,未见显著同名冲突。,,未知。,survey_not_ledger,deep_research,non_authoritative,w07_shallow50.md,2026-07-19T05:21:16+08:00
w07,ST-001,序列：吃神者,番茄小说,不要大脑要小脑,高,番茄小说｜不要大脑要小脑｜高｜证据见番茄书页。,都市高武／都市／重生／末世／克苏鲁。,末世高武里混克苏鲁神明和权谋群像的长篇。,摘录“想要成神，就得吃神！”,世界开局就炸了：巨鸟吞日，世道剧变，神明降临，人类则靠“序列”获得超能。主角不是去拜神，而是更狠——觉醒成“吃神者”，想靠吞食神明那一套反过来争神位。故事的主冲突分两层：外面是神明与末世秩序，里面是安全区的人心、权谋和各方序列职业的较量，所以它不只是打怪升级，也很看群像运转。,末世高武｜频道原文直接标注｜高｜依据类型＝书页；克苏鲁神明线｜频道带“克苏鲁”，简介写“不死神明”｜高｜依据类型＝简介。,题眼非常直白——别人信神，他吃神。,番茄内同名检索里还出现零字作品，主检版本仍以不要大脑要小脑这本为准。,,未知。,survey_not_ledger,deep_research,non_authoritative,w07_shallow50.md,2026-07-19T05:21:16+08:00
w07,ST-001,开局封王，从获得诸天奖励开始,原发平台未稳定定位,流通信息多指向作者“爱吃馒头的面条”,低,原发平台未稳定定位｜流通信息多指向作者“爱吃馒头的面条”｜低｜证据主要来自第三方书页与番茄关键词页，未定位可信官方首发详情页。,第三方页写“玄幻脑洞”；原发平台未知。,皇子封王后觉醒献祭／奖励类系统，往帝王与诸天扩张走的爽文。,缺官方简介。,目前能拼出来的公开主线，是大夏皇子夏昭炎在封王时觉醒“诸天献祭系统”，之后通过献祭敌寇、神魔换来武侠剑神、历史人杰之类的奖励，再从地方势力慢慢走到帝王、甚至诸天扩张路线。说白了就是典型的“皇朝＋系统＋召唤／奖励”模式。因为没找到官方首发页，这一条只能给低把握梗概。,皇朝系统文｜第三方简介明确写封王、系统、帝王路线｜低｜依据类型＝简介；献祭奖励｜第三方简介明写“诸天献祭系统”｜低｜依据类型＝简介。,路数很像“封王开局的皇朝系统流”。,**没找到可信官方首发页，需认亲。**,Y,未知。,survey_not_ledger,deep_research,non_authoritative,w07_shallow50.md,2026-07-19T05:21:16+08:00
w07,ST-001,开局相亲女神捕，获独孤九剑,起点中文网,今日问道,中,起点中文网｜今日问道｜中｜证据见QQ阅读详情与起点书页；另检到番茄同名异作。,武侠／武侠幻想。,武侠世界里的相亲系统文。,摘录“怎么满江湖都是前女友了呢？”,主角顾观棋穿到武侠世界后，不是拜师开山门，而是先拿到一个“相亲系统”。他每相一次亲，就能白嫖一门绝学还直接点满，于是“相亲女神捕得独孤九剑、相亲女宗师得长生诀”这种设定一路铺开。可问题也跟着来：这些相亲对象一个比一个不简单，主角越相亲，越容易被卷进更大的江湖和感情麻烦里。,系统武侠｜书页明写相亲系统＋武林绝学｜高｜依据类型＝简介；轻喜后宫感｜“满江湖都是前女友”就是很强的轻喜感信号｜中｜依据类型＝简介。,把“相亲”做成了武学抽卡。,有番茄同名异作，人物与作者都不同，需认清起点版。,,未知。,survey_not_ledger,deep_research,non_authoritative,w07_shallow50.md,2026-07-19T05:21:16+08:00
w07,ST-001,开局签到荒古圣体,起点中文网,J神,高,起点中文网｜J神｜高｜证据见起点书页与QQ阅读详情。,玄幻／东方玄幻。,无敌背景＋签到系统的天骄争霸玄幻。,摘录“不废柴，不舔狗。”,君逍遥开局就不是受气包，而是荒古世家神子，背景、天赋都很硬，再叠一个签到系统，直接把传统废柴逆袭那条路给掀了。故事的主要推进不是“从弱变强”，而是主角带着无敌底子去不同地点签到、拿资源、压同辈、卷入更大规格的天骄与世界格局。核心冲突是越来越高层级的天才、势力和仙路之争。,签到流｜官方简介直接写签到系统｜高｜依据类型＝简介；无敌天骄流｜官方简介直说无敌背景、天骄争霸｜高｜依据类型＝简介。,这本从第一章起就不走受气路线。,未见显著同名冲突。,,未知。,survey_not_ledger,deep_research,non_authoritative,w07_shallow50.md,2026-07-19T05:21:16+08:00
w07,ST-001,开局被追杀，我获得第一快剑,起点中文网,落魄的小纯洁,高,起点中文网｜落魄的小纯洁｜高｜证据见起点书页与QQ阅读/他站镜像详情。,武侠。,被追杀开局的系统武侠爽文。,摘录“楚青穿越武侠世界，发现自己正在被追杀。”,楚青一睁眼就在武侠世界被杀手组织追着砍，节奏没有任何铺垫，直接开逃命局。好在他立刻拿到刺客系统，能靠开奖励箱拿各种绝学，于是“活下去”很快转成“反杀、查局、一路杀穿江湖”。冲突很实在：先是怎么从追杀里活命，后面再慢慢撕开江湖势力、血仇和更大的阴谋。,追杀开局｜官方简介直接点明｜高｜依据类型＝简介；刺客系统｜官方简介直接写明｜高｜依据类型＝简介。,一上来就给主角塞进生死局。,未见显著同名冲突。,,未知。,survey_not_ledger,deep_research,non_authoritative,w07_shallow50.md,2026-07-19T05:21:16+08:00
w07,ST-001,异常生物见闻录,起点中文网,远瞳,高,起点中文网｜远瞳｜高｜证据见起点书页与书籍介绍。,科幻小说。,倒霉房东收留一屋子“异常生物”后越卷越大的科幻日常冒险。,摘录“郝仁，人如其名，是个好人。”,郝仁原本只是个想安稳过小日子的普通房东，结果家里住进一堆不怎么正常的人外生物，还莫名签了来自“神明”的劳动合同。于是故事开局就很清楚：一个本来只想收租的人，被迫成了各种异种房客的保姆、协调员和冒险队队长。表面是合租日常，往后很快会扯到世界观、文明秘密和更广的宇宙秩序。,都市收容日常｜官方简介直接写房东＋异常生物合租｜高｜依据类型＝简介；科幻轻喜｜频道是科幻，但文案口吻明显偏日常和吐槽｜高｜依据类型＝简介。,很适合归进“沙雕日常外壳下埋宏大世界观”的那类。,未见显著同名冲突。,,未知。,survey_not_ledger,deep_research,non_authoritative,w07_shallow50.md,2026-07-19T05:21:16+08:00
w07,ST-001,弑神灭仙,未定位到可信官方首发平台,流通版本多指向作者“夜行月”,低,未定位到可信官方首发平台｜流通版本多指向作者“夜行月”｜低｜证据主要来自第三方繁中书页，缺官方原发。,第三方页归在仙侠武侠；原发平台未知。,身世秘密＋复仇升级的仙侠文。,缺官方简介。,当前流通简介里，主角聂玄命运多舛，在机缘巧合下学会靠魂魄修炼的特殊功法《天地命魂》。他一边靠这套功法变强，一边追查自己和义父仇人的下落，结果仇越查越深，又牵出更大的身世秘密，于是一步步被推上“弑神灭仙”的极端道路。因为没找到原发平台，这条梗概只能给低把握。,复仇修仙｜第三方简介明确写追寻仇人｜低｜依据类型＝简介；特殊功法｜第三方简介点名《天地命魂》｜低｜依据类型＝简介。,很标准的“越查身世越大”的老派仙侠路数。,**没找到可信官方首发页，需认亲。**,Y,未知。,survey_not_ledger,deep_research,non_authoritative,w07_shallow50.md,2026-07-19T05:21:16+08:00
w07,ST-001,当了魔君的我想转系去道门,起点中文网,猫猫泡泡澡,高,起点中文网｜猫猫泡泡澡｜高｜证据见起点书页与QQ阅读详情。,仙侠。,魔道大佬想跳槽正道的修真反套路文。,摘录“在魔道摸爬滚打了九千年……”,唐缘不是那种刚入魔门的小角色，而是已经混成魔君的人。问题也恰恰在这：混了九千年之后，他突然想改换门庭，往道门那边靠。于是故事一开局就自带荒诞感和反差感——别人是堕魔，他是想从魔道离职。冲突也很清楚：身份洗不白、旧账甩不掉、魔门和道门都不是善茬，他想转系就得先把自己过去那套活法理清。,反套路修仙｜文案核心就是“魔君转系”｜高｜依据类型＝简介；魔道／道门双线｜官方简介用问答体直接把两边立场摆出来｜高｜依据类型＝简介。,是“魔头想考正道编制”的那种乐子。,未见显著同名冲突。,,未知。,survey_not_ledger,deep_research,non_authoritative,w07_shallow50.md,2026-07-19T05:21:16+08:00
w07,ST-001,影视剧中的王牌特工,起点中文网,龙战将,高,起点中文网｜龙战将｜高｜证据见起点书页与QQ阅读详情。,军事小说。,把谍战影视人物和世界观揉在一起的长篇特工文。,摘录“宫恕、李崖、余则成……”,书页一把把名字甩出来，已经很说明问题了：它不是原创单线谍战，而是把很多谍战影视里的人物、机关和局势掺到一口锅里。主角大概率会在熟脸人物之间周旋、站队、执行任务，也会改写原来影视里的部分结局。主冲突既有特工任务本身的险，又有“熟IP人物同场后，局怎么重组”的看点。,谍战融梗｜官方简介直接列出多名知名谍战角色｜高｜依据类型＝简介；军事特工｜频道原文是军事，标题也明写王牌特工｜高｜依据类型＝书页。,像大型谍战人物混编宇宙。,未见显著同名冲突。,,未知。,survey_not_ledger,deep_research,non_authoritative,w07_shallow50.md,2026-07-19T05:21:16+08:00
w07,ST-001,律师：从合法报复出轨开始！,起点中文网,青衫仗剑行天涯,高,起点中文网｜青衫仗剑行天涯｜高｜证据见QQ阅读详情与起点书页。,都市／都市生活。,都市职业文，主打律师用规则反打的“法内狂徒”路线。,摘录“让你可以合法合规地进行报复！”,徐德穿到东国绿森市后成了一名律师，还带着“让客户满意就能抽奖励”的外挂。刚开局他就撞上婚内出轨、离婚分财产这种硬茬案子，普通方案都让委托人吃亏，于是他决定换个思路：既然不能乱来，那就让对方在法律框架里吃个狠的。之后故事的核心冲突，就是主角怎么在规则允许范围内，把一个个看似憋屈的局掰过来。,律师职业文｜频道原文与简介都很明确｜高｜依据类型＝书页；系统奖励｜官方简介写“让客户满意便能抽取奖励”｜高｜依据类型＝简介。,把“出气”做成了合规服务。,未见显著同名冲突。,,未知。,survey_not_ledger,deep_research,non_authoritative,w07_shallow50.md,2026-07-19T05:21:16+08:00
w07,ST-001,御兽之王,起点中文网,轻泉流响,中,起点中文网｜轻泉流响｜中｜证据见起点书页与相关在线详情。,都市小说。,现代御兽竞技成长文。,缺官方简介。,从公开可见文案看，这书的起手很直接：世界已经进入“崭新的御兽时代”，问题只剩下谁能登顶。也就是说，读者看的不是御兽世界怎么出现，而是主角怎么在现成的御兽规则里练宠、比赛、升级、冲顶。它的核心冲突会落在主角和同代御兽师、不同宠兽体系及更高阶段赛事之间，是偏现代竞技感的一路往上打。,御兽竞技｜书名与书页文案都指向“御兽时代”“御兽之王”｜高｜依据类型＝书页；现代都市框架｜频道归在都市｜高｜依据类型＝书页。,轻泉流响这本就是很正统的御兽赛道作品。,未见显著同名冲突，但官方公开简介偏短，降中。,,未知。,survey_not_ledger,deep_research,non_authoritative,w07_shallow50.md,2026-07-19T05:21:16+08:00
w07,ST-001,御兽仙朝：我能设计进化形态,起点中文网,爱穿女仆装,高,起点中文网｜爱穿女仆装｜高｜证据见起点书页与QQ阅读详情。,仙侠。,仙朝官僚体系＋御兽进化设计的修仙文。,摘录“在大乾仙朝，一切伟力归于神兽。”,书里不是普通宗门御兽，而是把“神兽—仙朝—官职”焊在一起：神兽掌控天地权柄，普通人要想真正借力，就得在仙朝体系里往上走。主角带着能看见隐藏进化路线的优势切入这个世界，所以开局不是先打，而是先理解规则、找更优进化形态、借此撬动阶层秩序。主冲突在于底层出身想靠设计与认知优势，顶进一个高度固化的仙朝御兽社会。,御兽修仙｜标题与简介都很明确｜高｜依据类型＝简介；仙朝科举／官职味｜介绍强调仙朝管控神兽与常人考取官职｜高｜依据类型＝书评。,把御兽写出一点“考公修仙”的味道。,未见显著同名冲突。,,未知。,survey_not_ledger,deep_research,non_authoritative,w07_shallow50.md,2026-07-19T05:21:16+08:00
w07,ST-001,御兽飞升,起点中文网,轻泉流响,高,起点中文网｜轻泉流响｜高｜证据见起点书页与QQ阅读详情。,仙侠／幻想修仙。,修仙世界里的御兽成长文。,摘录“诸道苦弱，御兽飞升！”,这本比《御兽之王》更往修仙那边偏。公开信息显示，主角会从御兽宗这种典型修仙门派入口起步，不是现代赛事型，而是宗门、天道、契约、飞升这些修仙关键词一路往上走。读者一进门看到的是“天无绝人之路”“黑熊怪”“御兽宗”这种开局质感，主冲突自然就是主角如何带着灵兽在修仙秩序里求生、变强、最后飞升。,御兽修仙｜书名和目录都很明白｜高｜依据类型＝书页；宗门成长｜目录出现“御兽宗”，说明起手和宗门密切相关｜中｜依据类型＝书页。,就是把轻泉流响拿手的御兽，搬进飞升世界。,未见显著同名冲突。,,未知。,survey_not_ledger,deep_research,non_authoritative,w07_shallow50.md,2026-07-19T05:21:16+08:00
w07,ST-001,心随情动,17K小说网,仝彤,中,17K小说网｜仝彤｜中｜证据见17K书页。,蜜爱甜宠。,都市甜宠向言情文。,缺官方简介。,这本能确认的公开信息比较少，但至少能坐实它是17K上的“蜜爱甜宠”类作品，说明主线大概率围绕都市男女关系、情感推进和相处拉扯展开。换成白话讲，开局更像是把男女主扔进一段从心动到纠缠的感情里，读者看的不是大设定，而是谁先动心、怎么磨合、误会怎么解、关系怎么落地。整体只能给中低把握。,都市甜宠｜频道原文直接标注“蜜爱甜宠”｜高｜依据类型＝书页；情感主导｜书名与频道都以情绪关系为主｜中｜依据类型＝书页。,更像老派站内甜宠文。,未见强同名首发干扰，但书页公开信息太少，降中。,,未知。,survey_not_ledger,deep_research,non_authoritative,w07_shallow50.md,2026-07-19T05:21:16+08:00
w07,ST-001,快穿：从甄嬛传开始嘎嘎乱杀！,起点中文网,月下如初,高,起点中文网｜月下如初｜高｜证据见起点书页与QQ阅读详情。,轻小说。,女配反杀向快穿，同人宫斗味很重。,摘录“任务者，主要替女配出气。”,主角是个任务者，工作很简单粗暴——帮那些经典影视里的女配出气。第一个世界从《甄嬛传》安陵容切入，后面又去《如懿传》《新白娘子传奇》等多个熟作品世界。它不是温柔修补型快穿，而是明显带着“报复、改命、搞乱原局”的爽感，主冲突就在于主角怎么拿原作里的弱势角色，狠狠干翻原剧情的压迫结构。,影视同人快穿｜书名和内容都点名甄嬛传等世界｜高｜依据类型＝简介；女配逆袭／复仇｜官方简介明确写“替女配出气”｜高｜依据类型＝简介。,就奔着“替配角撒气”去的。,未见显著同名冲突。,,未知。,survey_not_ledger,deep_research,non_authoritative,w07_shallow50.md,2026-07-19T05:21:16+08:00
w07,ST-001,怪物被杀就会死,起点中文网,阴天神隐,高,起点中文网｜阴天神隐｜高｜证据见起点书页与QQ阅读详情。,轻小说／原生幻想。,灵气复苏下的多元宇宙热血行动派文。,摘录“怪物被杀，也会死。”,苏昼从一开始就不是普通人，他天生超能，和正常世界总有点隔膜。可他找了十年同类都没找到，直到灵气复苏真正来临，世界才突然把门打开：怪物、妖魔、诸界、濒临破碎的宇宙一起涌上来。于是主角的目标很直白——既然世界变得热闹了，那就去路见不平、动手解决问题。主冲突就是他如何在不断变大的舞台上，坚持自己那套“正确”与正义。,灵气复苏｜官方简介明确写灵气复苏拉开时代大幕｜高｜依据类型＝简介；诸界漫游｜简介写“千里独行，诸界漫步”｜高｜依据类型＝简介。,很燃，而且越写世界越大。,未见显著同名冲突。,,未知。,survey_not_ledger,deep_research,non_authoritative,w07_shallow50.md,2026-07-19T05:21:16+08:00
w07,ST-001,怪猎：我能听到怪物心声,起点中文网,桃花伴酒,高,起点中文网｜桃花伴酒｜高｜证据见起点书页与QQ阅读详情。,游戏／游戏异界。,怪物猎人世界观下的异界求生与伙伴养成文。,摘录“我能听到怪物心声。”,大学生林麟原本在寝室打游戏，结果被一道雷劈进《怪物猎人》式的世界，一上来就得荒野求生。好消息是，他觉醒了能听懂怪物心声的能力，所以这书不只是打怪剥皮，还会走向和青熊兽、峯山龙、焰狐龙这些怪物建立关系。主冲突就是主角既要活下来，也要在猎人与怪物之间找出一条不一样的路。,怪猎同人｜标题直接点明“怪猎”｜高｜依据类型＝书页；怪物沟通｜官方简介明确写能听见怪物心灵｜高｜依据类型＝简介。,不是只会砍怪，更会跟怪物处关系。,未见显著同名冲突。,,未知。,survey_not_ledger,deep_research,non_authoritative,w07_shallow50.md,2026-07-19T05:21:16+08:00
w07,ST-001,恶仙！,起点中文网,蚨摇直上,高,起点中文网｜蚨摇直上｜高｜证据见起点书页。,仙侠小说。,进了“恶仙”游戏世界后的黑暗修仙文。,摘录“一觉醒来，孟元穿越到恶仙游戏世界。”,主角孟元醒来后发现自己不是穿到正常修仙界，而是直接进了一个叫“恶仙”的游戏世界，而且还是公测前。这个信息很关键，说明他多少带着一点预判和认知优势，但世界本身又明显不是善地。于是开局冲突就很直白：他得在一个修仙本就危险、还带“恶”底色的世界里先活，再考虑怎么利用自己先知道的一点规则，往上抢位置。,游戏世界穿越｜官方简介明写穿越到游戏世界｜高｜依据类型＝简介；黑暗修仙感｜书名“恶仙”与世界设定共同指向偏黑暗路线｜中｜依据类型＝书页。,一看就不是温吞修仙路数。,另有《全员恶仙》等近似题名作品，但《恶仙！》本身可单独定位。,,未知。,survey_not_ledger,deep_research,non_authoritative,w07_shallow50.md,2026-07-19T05:21:16+08:00
w07,ST-001,恶女修仙，全族祭天,起点中文网,走马行长安,高,起点中文网｜走马行长安｜高｜证据见起点书页与QQ阅读详情。,仙侠奇缘。,女反派视角的狠人修仙文。,摘录“无cp。”,孟菀从设定上就不是善茬，官方直接把她定义成“稳健型疯批”。这意味着开局不用等她黑化，她本来就会把达成目标摆在第一位。故事冲突也很干脆：凡是挡在前面的人，主角都可能拿去炼、拿去牺牲，标题里的“全族祭天”不是摆设。读者看的就是一个彻底恶女型主角，怎么在修仙世界里一路狠到底。,反派女主｜官方简介和读者讨论都明确｜高｜依据类型＝简介；无CP｜官方简介直接说明｜高｜依据类型＝简介。,少见的真恶女人设。,未见显著同名冲突。,,未知。,survey_not_ledger,deep_research,non_authoritative,w07_shallow50.md,2026-07-19T05:21:16+08:00
w07,ST-001,惊悚乐园,起点中文网,三天两觉,高,起点中文网｜三天两觉｜高｜证据见起点书页与QQ阅读搜索页。,游戏小说。,虚拟游戏外壳下的无限流、解谜和设定狂欢。,摘录“欢迎来到，惊悚乐园。”,故事入口是一个名叫“惊悚乐园”的超维度游戏，玩家在里面要过副本、碰鬼神、闯赌局，也会碰到更深的现实与意识问题。主角封不觉进这个游戏，不只是为了通关，还是为了找回自己缺失的恐惧感。所以这书前面看起来像闯本，越往后越会发现它在拿副本形式串各类题材、设定和真相。主冲突就在游戏、副本、现实三层之间不断抬高。,无限流副本｜官方简介写鬼神赌局、虚拟世界等元素｜高｜依据类型＝简介；游戏悬疑｜频道归游戏，整体氛围又明显偏惊悚与解谜｜高｜依据类型＝书页。,副本花样和脑洞密度都很高。,未见显著同名冲突。,,未知。,survey_not_ledger,deep_research,non_authoritative,w07_shallow50.md,2026-07-19T05:21:16+08:00
w07,ST-001,成为领主的我被迫种田,起点中文网,逆流水水,高,起点中文网｜逆流水水｜高｜证据见起点书页与QQ阅读详情。,古代言情。,女领主在玄幻世界搞种田、养妖灵、升领地的经营文。,摘录“玄幻种田女强文。”,姜苒穿到异世界后，一开局就不是安稳小姐，而是直接成了一个镇子的领主。这个世界最特别的点在于“种田能种出妖灵”，所以她要管的不是单纯粮食和税务，还得处理妖灵培育、领地升级、魔兽威胁与外部竞争。故事的主矛盾就是一个新上任的女领主，怎么把一个普通小镇一步步往更高层级的领地做大。,领地经营｜书页与简介都强调领主与领城升级｜高｜依据类型＝简介；妖灵种田｜简介直说种田能种出妖灵｜高｜依据类型＝简介。,经营党会比较好入口。,未见显著同名冲突。,,未知。,survey_not_ledger,deep_research,non_authoritative,w07_shallow50.md,2026-07-19T05:21:16+08:00
w07,ST-001,我为了少主威严欺负下老婆没错吧,起点中文网,废铁行者,中,起点中文网｜废铁行者｜中｜证据见起点书页与QQ阅读详情。,科幻／进化变异。,赛博武侠世界里的都市争霸恋爱文。,缺官方简介，仅见官方宣传句“赛博武侠、义体修仙，硬核又搞笑的都市争霸恋爱文！”,这本公开文案虽然很短，但方向很清楚：它不是传统仙侠，而是把赛博、义体、武侠、恋爱和都市势力斗争揉到一起。书名里的“少主”“老婆”说明人物关系本身就带压迫与喜剧感，主角多半要在少主身份、权力体面和亲密关系之间来回拉扯。主冲突不是单线打怪，而是赛博江湖里的地位、感情和面子战。,赛博武侠｜官方宣传句直接点明｜高｜依据类型＝简介；都市争霸恋爱｜官方宣传句直接点明｜高｜依据类型＝简介。,设定拼盘挺新，味道偏闹腾。,未见显著同名冲突，但官方公开剧情简介过短，降中。,,未知。,survey_not_ledger,deep_research,non_authoritative,w07_shallow50.md,2026-07-19T05:21:16+08:00
w07,ST-001,我为长生仙,起点中文网,阎ZK,高,起点中文网｜阎ZK｜高｜证据见起点书页与QQ阅读详情。,仙侠。,从凡人视角起步，慢慢接近仙神妖魔大幕的长篇仙侠。,摘录“仙神妖魔，王侯将相；龙女掌灯，杯中盛海。”,齐无惑开局不是天命之子模板，更像个和仙神世界没直接关系的普通人。问题是，他总会在梦里看到异样文字，又遇上能把人往另一个层次带去的机缘，于是凡俗生活被一点点撬开，仙神妖魔的门才真正出现在眼前。读者能很明显感觉到冲突的抬升：先是个人选择，后面再走到长生、道途和更大的天地秩序。,凡人入仙途｜官方简介特意强调“原本没关系”｜高｜依据类型＝简介；志怪仙侠｜龙女、野狐、猛虎悟道这些意象很强｜高｜依据类型＝简介。,阎ZK这本更偏“仙气”和气象。,未见显著同名冲突。,,未知。,survey_not_ledger,deep_research,non_authoritative,w07_shallow50.md,2026-07-19T05:21:16+08:00
w07,ST-001,我以力服仙,起点中文网,断桥残雪,高,起点中文网｜断桥残雪｜高｜证据见起点书页与QQ阅读详情。,仙侠／幻想修仙。,更重肉身、力量与硬碰硬气质的修仙文。,摘录“不过仙人往往不讲理……”,这书的世界观态度很直白：你想讲道理，仙人未必跟你讲，所以主角最后只能拿更实在的“力”去压人。前几章目录可见“荒漠追杀、报仇、姑娘你好、正式入门”等节点，说明它先从很具体的生死局和江湖局起步，再一路走向修仙大局。核心冲突就是主角怎么把“力”练成真正能在仙道站住脚的话语权。,力量派修仙｜书名和简介都围着“以力服人”转｜高｜依据类型＝简介；追杀开局｜目录开头直接出现荒漠追杀｜中｜依据类型＝书页。,不是嘴炮修仙，是硬桥硬马修仙。,未见显著同名冲突。,,未知。,survey_not_ledger,deep_research,non_authoritative,w07_shallow50.md,2026-07-19T05:21:16+08:00
w07,ST-001,我以奥术登临神座,起点中文网,危楼听雨,高,起点中文网｜危楼听雨｜高｜证据见起点书页与QQ阅读详情。,游戏小说。,重生到游戏世界的奥术流升级文。,摘录“大神级代练的李斯一觉醒来……”,李斯原本是靠给游戏搬砖吃饭的代练，一觉醒来却真的穿进了《神启》里，还成了个不起眼的小角色。好处是他熟游戏、懂路线；坏处是“知道版本答案”不等于就能稳活。于是故事开局靠的是前世认知去卡发展节奏、学奥术、拿专长，往更高阶位和神座方向爬。主冲突是游戏知识和真实世界危险之间的落差。,游戏穿越｜官方简介明确写穿越进《神启》｜高｜依据类型＝简介；奥术流｜标题和专长信息都明确偏奥术体系｜高｜依据类型＝书页。,把“懂版本”这事写成了起步优势。,未见显著同名冲突。,,未知。,survey_not_ledger,deep_research,non_authoritative,w07_shallow50.md,2026-07-19T05:21:16+08:00
w07,ST-001,我以机缘觅长生,起点中文网,火药很沉,高,起点中文网｜火药很沉｜高｜证据见起点书页与QQ阅读详情。,仙侠。,靠找机缘、抢前路，往长生走的幻想修仙文。,摘录“一鲸落，万物生！”,书页把世界的大背景先抛出来：最强的“龙”和“仙”都将死去，这说明大时代的变化本身就是主角的机会。主角不是靠出身，而是靠机缘去蹚修仙路，所以剧情的关键往往不只是修炼，而是能不能看见别人看不见的那扇门。主冲突说白了就是：好机会不是一直都有，主角得在一个资源会重新分配的世界里快人一步，才有资格谈长生。,机缘流｜书名点题，官方宣传也围着机缘与长生｜高｜依据类型＝书页；世界更替大背景｜官方简介用“龙与仙都将死去”立出时代变局｜高｜依据类型＝简介。,看点在“会不会抓机会”。,未见显著同名冲突。,,未知。,survey_not_ledger,deep_research,non_authoritative,w07_shallow50.md,2026-07-19T05:21:16+08:00
w07,ST-001,我修仙有进度条,起点中文网,战斗的坚果,高,起点中文网｜战斗的坚果｜高｜证据见起点书页与QQ阅读详情。,仙侠。,有面板进度条辅助的修真文。,摘录“练功不只攻略可以看，还有进度条！”,王平开局只是个小道士，按一般修仙文节奏，这种开局很容易闷。但他手里偏偏有个很实在的外设——练功有攻略、有步骤、还有进度条。也就是说，这书的冲突不靠“天降神器”，而是靠主角在清晰反馈里一点点把术法练扎实，再在修真世界里用更稳的节奏往上爬。读感偏慢热、偏日常积累型。,面板流｜官方简介直接写攻略和进度条｜高｜依据类型＝简介；稳扎稳打修仙｜小道士开局＋练功反馈，明显重过程｜高｜依据类型＝简介。,主要解决“修炼抽象、读者看不见进度”的问题。,未见显著同名冲突。,,未知。,survey_not_ledger,deep_research,non_authoritative,w07_shallow50.md,2026-07-19T05:21:16+08:00
w07,ST-001,我加载了神秘学面板,起点中文网,雨中有秋云,高,起点中文网｜雨中有秋云｜高｜证据见起点书页与作者页。,奇幻／神秘幻想。,蒸汽时代背景下的神秘学调查成长文。,摘录“蒸汽时代，理性与神秘主义并行。”,这书一看就是偏诡秘调查口。主角李察所在的世界有蒸汽社会表层，也有帷幕后的神秘学、知识污染和隐藏学科。他手里那块“神秘学面板”又决定他不是全靠撞运气，而是能把呼吸、学识、术法之类能力逐步量化。开局冲突不是正面大战，而是“知道得越多越危险”，主角却偏偏有条件去知道更多。,神秘调查｜目录里有降神盘、隐匿学科、死者之声等线索｜高｜依据类型＝书页；面板流｜标题直接点明加载面板｜高｜依据类型＝书页。,有点蒸汽＋神秘学版“调查员成长”。,未见显著同名冲突。,,未知。,survey_not_ledger,deep_research,non_authoritative,w07_shallow50.md,2026-07-19T05:21:16+08:00
w07,ST-001,我变成了妖怪,起点中文网,东土大茄,高,起点中文网｜东土大茄｜高｜证据见起点书页。,仙侠。,非人视角的妖怪修行文。,摘录“回首红尘多灿烂……”,标题已经把最关键的反差抛出来了：主角不是修成人，而是干脆变成妖怪，从妖怪视角去看人间与修行。公开书页没放太多剧情细节，但光这个起点就足够说明它的主冲突——人和妖、红尘和修行、异类身份和生存处境，会天然比普通人修仙更拧巴。开局抓手就是主角如何先接受“我已非人”这件事。,非人主角｜题名直接点明｜高｜依据类型＝书页；妖修视角｜题名与仙侠频道一起锁定｜高｜依据类型＝书页。,妖怪视角本身就是最大钩子。,另有《我变成了妖怪了》等近似题名作品，本条以东土大茄这本为准。,,未知。,survey_not_ledger,deep_research,non_authoritative,w07_shallow50.md,2026-07-19T05:21:16+08:00
w07,ST-001,我只想安静的做个苟道中人,起点中文网,爆炸小拿铁,高,起点中文网｜爆炸小拿铁｜高｜证据见起点书页。,仙侠。,智能修真系统失控带飞主角的魔门修仙文。,摘录“欢迎使用全智能修真系统！”,裴凌本来只想低调苟着修仙，结果拿到一个全智能修真系统。系统的坑点在于，它会替你修炼，但修着修着就干出偷丹药、找道侣这种你本人未必想干的事。于是开局最大的冲突就已经成立：主角想苟，系统却总把他往更危险、更社死、更离谱的位置上推。故事一边看魔门生态，一边看系统怎么把苟道逼成闹剧。,系统修仙｜官方简介直接明写｜高｜依据类型＝简介；魔门苟道反差｜书名想苟，系统却总乱来，反差很明确｜高｜依据类型＝简介。,苟道是目标，系统是最大破坏者。,未见显著同名冲突。,,未知。,survey_not_ledger,deep_research,non_authoritative,w07_shallow50.md,2026-07-19T05:21:16+08:00
w07,ST-001,我在1984当祥子,起点中文网,坐望敬亭,高,起点中文网｜坐望敬亭｜高｜证据见起点书页与QQ阅读详情。,都市／都市生活。,八十年代北京味很重的年代职业文。,摘录“顾岩穿越到1984年，成了首都汽车公司的出租车司机。”,主角顾岩一睁眼回到 1984 年，成了首都汽车公司的出租车司机。同行们自嘲是“现代祥子”，但真正的问题不是跑车辛苦，而是他这边前妻跑路出国，还给他留下一身烂债。于是故事的起点很鲜：一个有现代记忆的人，被丢回能靠跑车、攒钱、结交人脉改变命运的年代北京，主冲突就是他怎么把一盘烂日子掰正。,年代文｜1984 年与首都出租车司机开局非常明确｜高｜依据类型＝简介；职业生活流｜核心身份就是出租车司机｜高｜依据类型＝简介。,北京年代感和职业细节是最直观的钩子。,未见显著同名冲突。,,未知。,survey_not_ledger,deep_research,non_authoritative,w07_shallow50.md,2026-07-19T05:21:16+08:00
